SCRUB_STORE_NO,DOY_STD,MIN_TEMPERATURE_AIR_2M_F,AVG_TEMPERATURE_AIR_2M_F,MAX_TEMPERATURE_AIR_2M_F,MIN_TEMPERATURE_WETBULB_2M_F,AVG_TEMPERATURE_WETBULB_2M_F,MAX_TEMPERATURE_WETBULB_2M_F,MIN_TEMPERATURE_DEWPOINT_2M_F,AVG_TEMPERATURE_DEWPOINT_2M_F,MAX_TEMPERATURE_DEWPOINT_2M_F,MIN_TEMPERATURE_FEELSLIKE_2M_F,AVG_TEMPERATURE_FEELSLIKE_2M_F,MAX_TEMPERATURE_FEELSLIKE_2M_F,MIN_TEMPERATURE_WINDCHILL_2M_F,AVG_TEMPERATURE_WINDCHILL_2M_F,MAX_TEMPERATURE_WINDCHILL_2M_F,MIN_TEMPERATURE_HEATINDEX_2M_F,AVG_TEMPERATURE_HEATINDEX_2M_F,MAX_TEMPERATURE_HEATINDEX_2M_F,MIN_HUMIDITY_RELATIVE_2M_PCT,AVG_HUMIDITY_RELATIVE_2M_PCT,MAX_HUMIDITY_RELATIVE_2M_PCT,MIN_HUMIDITY_SPECIFIC_2M_GPKG,AVG_HUMIDITY_SPECIFIC_2M_GPKG,MAX_HUMIDITY_SPECIFIC_2M_GPKG,MIN_PRESSURE_2M_MB,AVG_PRESSURE_2M_MB,MAX_PRESSURE_2M_MB,MIN_PRESSURE_MEAN_SEA_LEVEL_MB,AVG_PRESSURE_MEAN_SEA_LEVEL_MB,MAX_PRESSURE_MEAN_SEA_LEVEL_MB,MIN_WIND_SPEED_10M_MPH,AVG_WIND_SPEED_10M_MPH,MAX_WIND_SPEED_10M_MPH,AVG_WIND_DIRECTION_10M_DEG,MIN_WIND_SPEED_80M_MPH,AVG_WIND_SPEED_80M_MPH,MAX_WIND_SPEED_80M_MPH,AVG_WIND_DIRECTION_80M_DEG,MIN_WIND_SPEED_100M_MPH,AVG_WIND_SPEED_100M_MPH,MAX_WIND_SPEED_100M_MPH,AVG_WIND_DIRECTION_100M_DEG,TOT_PRECIPITATION_IN,TOT_SNOWFALL_IN,MIN_CLOUD_COVER_TOT_PCT,AVG_CLOUD_COVER_TOT_PCT,MAX_CLOUD_COVER_TOT_PCT,MIN_RADIATION_SOLAR_TOTAL_WPM2,AVG_RADIATION_SOLAR_TOTAL_WPM2,MAX_RADIATION_SOLAR_TOTAL_WPM2,TOT_RADIATION_SOLAR_TOTAL_WPM2,TIME_DIM_KEY
1,251,52.1,60.9,69.2,50.6,55.7,58.8,49.3,51.7,56.2,51.0,60.5,69.0,51.0,60.2,69.0,52.1,60.9,69.0,52,73,92,7.6,8.4,9.9,976.1,978.2,981.8,1004.5,1006.6,1010.5,4.6,10.3,17.3,299,9.6,17.6,23.9,302,11.0,18.9,24.5,303,0.0,0,0,25,100,0,206.8,711.5,4755.7,20210908
1,252,51.0,58.7,70.3,49.7,53.5,58.5,47.3,49.2,52.3,49.7,58.2,70.7,49.7,58.1,69.9,51.2,58.8,70.7,46,73,91,7.1,7.6,8.6,981.8,985.0,988.1,1010.5,1013.6,1017.1,2.9,7.2,13.7,324,5.4,11.4,17.7,328,6.1,12.2,18.1,329,0.03,0,0,45,100,0,204.1,727.4,4899.1,20210909
1,253,49.6,61.2,73.8,48.2,54.1,60.2,46.1,48.1,50.7,49.2,62.1,76.0,49.2,61.2,73.6,49.7,62.1,76.0,40,65,90,6.8,7.3,8.1,987.6,989.1,990.9,1016.2,1017.7,1019.6,1.3,6.2,12.2,210,1.3,9.4,19.6,212,1.2,10.0,21.7,212,0.0,0,0,27,100,0,228.8,769.3,5491.4,20210910
1,254,57.2,68.2,79.2,54.5,61.8,65.9,50.8,57.8,63.0,57.5,69.3,79.5,55.4,67.7,78.8,57.5,69.3,79.5,47,72,95,8.1,10.5,12.5,981.4,984.9,987.3,1009.4,1013.2,1015.9,1.5,11.7,19.4,216,3.0,18.7,27.2,218,3.3,19.7,28.1,219,0.0,0,7,67,100,0,180.8,704.1,4339.6,20210911
1,255,55.3,65.5,77.2,53.4,57.0,62.6,43.7,49.4,62.1,54.4,65.7,77.0,54.4,65.2,77.0,56.0,65.9,77.0,31,60,97,6.2,7.8,12.1,985.2,988.1,989.4,1013.6,1016.6,1017.9,4.7,7.0,10.4,51,5.1,11.0,14.9,55,5.1,11.6,15.8,56,0.0,0,5,74,100,0,185.6,723.4,4453.4,20210912
1,256,56.9,67.2,81.4,52.1,61.7,69.8,45.6,58.3,65.2,57.1,68.2,83.1,56.2,66.8,81.3,57.1,68.2,83.1,56,75,98,6.6,10.9,13.6,980.3,984.4,988.3,1008.4,1012.7,1017.0,2.0,6.9,10.3,150,3.6,11.4,16.1,145,3.9,12.2,17.8,144,0.02,0,13,66,100,0,138.1,519.6,3316.0,20210913
1,257,52.3,63.1,71.8,51.1,58.2,62.0,47.4,54.3,61.9,53.1,63.5,75.4,53.1,63.0,71.6,53.3,63.6,75.4,43,76,99,7.2,9.4,12.1,981.6,983.9,988.2,1010.0,1012.4,1017.0,3.0,8.1,15.3,306,2.9,12.1,20.8,310,3.2,12.9,21.4,311,0.19,0,0,46,100,0,226.0,708.2,5425.0,20210914
1,258,50.1,59.8,71.6,48.7,53.3,58.2,45.5,47.6,49.2,50.8,60.9,75.3,50.8,59.9,71.4,50.4,60.8,75.3,39,67,89,6.6,7.1,7.5,988.6,989.6,991.3,1017.6,1018.4,1020.1,1.3,5.2,10.7,301,1.7,7.2,13.4,300,1.7,7.4,13.6,300,0.0,0,0,42,100,0,159.0,487.3,3814.3,20210915
1,259,51.0,62.0,77.3,48.0,54.0,60.5,44.5,46.7,50.5,51.5,62.1,76.9,51.5,61.9,76.9,51.5,62.1,76.9,32,61,81,6.3,6.9,7.9,991.4,993.4,994.8,1020.3,1022.2,1023.8,0.7,5.5,9.6,231,2.0,8.4,13.9,233,2.3,8.8,15.1,234,0.0,0,0,0,1,0,230.8,699.5,5539.0,20210916
1,260,54.0,64.3,78.2,48.5,55.9,62.2,42.5,49.0,53.7,52.3,64.1,78.0,52.3,63.5,78.0,54.3,64.8,78.0,37,60,89,5.8,7.5,9.0,995.0,996.6,997.5,1024.0,1025.4,1026.4,4.9,8.1,11.7,209,10.3,13.5,15.2,213,11.4,14.5,17.2,215,0.0,0,0,0,0,0,227.4,690.2,5455.7,20210917
1,261,53.5,65.7,82.0,50.4,56.9,63.4,46.8,49.5,53.2,52.4,65.8,81.4,52.4,65.2,81.4,54.1,66.3,81.4,31,60,83,6.9,7.7,8.7,993.8,996.3,998.5,1022.6,1025.0,1027.7,4.4,8.0,12.5,176,9.5,13.4,16.1,182,10.8,14.3,17.8,184,0.0,0,0,0,0,0,227.7,695.7,5463.9,20210918
1,262,57.4,69.2,83.6,54.3,60.1,65.9,51.9,53.7,56.2,57.4,70.1,83.1,55.9,68.7,83.1,57.4,70.1,83.1,37,61,82,8.3,9.0,9.8,989.1,991.1,993.7,1017.5,1019.6,1022.5,7.0,9.7,14.5,194,14.6,17.0,19.4,198,16.3,18.5,20.1,199,0.0,0,0,15,60,0,198.5,609.2,4763.3,20210919
1,263,60.7,70.3,82.4,57.9,60.6,64.0,48.8,53.2,57.6,61.6,71.4,82.1,61.6,70.3,82.1,61.6,71.4,82.1,32,58,86,7.6,8.9,10.3,983.1,986.7,988.8,1011.4,1015.1,1017.3,6.4,10.2,18.2,202,13.6,17.2,24.6,205,14.7,18.5,25.3,206,0.0,0,29,71,100,0,160.7,592.6,3857.2,20210920
1,264,54.3,62.8,70.9,54.1,60.0,64.6,52.6,58.1,63.6,54.3,62.6,68.8,54.3,62.6,68.8,55.0,62.8,68.8,58,86,99,8.6,10.7,12.8,978.7,980.6,984.0,1007.2,1009.0,1012.3,3.2,8.6,14.1,228,5.5,14.2,20.9,235,5.8,15.1,21.8,236,0.94,0,19,89,100,0,35.3,127.7,846.6,20210921
1,265,49.8,51.9,59.3,47.5,50.0,54.6,43.7,48.4,53.8,44.8,48.0,54.2,44.8,48.0,54.2,50.1,51.9,55.6,71,88,94,6.2,7.4,9.1,977.2,978.6,981.2,1005.7,1007.3,1010.1,4.0,12.0,17.3,296,7.9,19.0,25.6,300,9.1,19.9,26.7,300,0.21,0,46,88,100,0,76.4,276.6,1833.3,20210922
1,266,47.1,52.0,59.0,45.5,47.5,51.0,39.6,42.8,47.5,45.6,49.9,58.0,45.6,49.2,55.7,47.9,52.0,58.0,50,72,91,5.3,6.0,7.2,979.0,982.2,984.1,1007.6,1011.2,1013.1,5.0,8.4,13.1,245,10.3,13.9,22.5,247,11.5,14.9,24.0,248,0.03,0,0,62,100,0,157.0,605.7,3768.1,20210923
2,251,54.5,67.6,79.3,53.5,61.9,65.4,52.6,58.5,63.3,53.9,68.2,79.5,53.9,67.4,78.9,54.8,68.3,79.5,44,76,99,8.7,10.9,12.9,969.6,971.2,973.1,1008.7,1010.6,1013.2,4.6,10.0,14.7,204,13.1,18.9,24.4,206,15.3,20.2,25.5,207,0.0,0,0,43,100,0,243.3,802.5,5596.6,20210908
2,252,59.0,63.6,68.0,57.1,62.5,66.2,55.8,62.0,66.0,59.0,63.6,66.7,59.1,63.6,66.7,59.0,63.6,66.7,83,95,100,9.8,12.3,14.1,967.7,968.6,969.3,1007.2,1008.1,1008.8,1.4,3.6,7.3,253,2.2,6.8,14.5,258,2.4,7.4,15.5,259,0.22,0,100,100,100,0,47.7,264.0,1144.7,20210909
2,253,48.0,59.1,68.6,45.2,54.1,58.9,42.3,50.3,55.0,46.2,58.3,67.3,46.2,58.1,67.3,48.1,59.1,67.3,54,73,92,5.9,8.1,9.5,967.7,971.6,978.0,1007.5,1011.5,1018.8,3.8,8.3,12.3,305,9.9,15.5,19.6,308,11.0,16.7,20.2,309,0.04,0,0,26,100,0,234.4,788.1,5627.1,20210910
2,254,45.6,58.9,71.7,42.9,52.2,58.1,39.7,46.2,52.2,43.6,58.6,75.1,43.6,57.9,71.6,45.7,59.3,75.1,39,65,84,5.3,6.9,8.5,978.2,980.4,982.1,1019.1,1020.7,1022.3,4.0,7.3,10.8,244,8.4,13.9,20.5,248,9.8,15.0,21.7,250,0.0,0,0,4,24,0,254.6,806.9,6111.7,20210911
2,255,56.8,66.6,79.6,55.3,61.4,67.3,53.3,58.3,63.4,58.2,67.4,80.5,55.9,66.1,79.4,58.2,67.4,80.5,46,77,98,8.9,10.8,12.9,974.8,976.8,979.2,1014.1,1016.5,1019.4,4.0,10.4,14.6,252,10.1,19.1,24.1,254,11.4,20.3,25.0,255,0.02,0,0,42,100,0,215.2,770.6,5165.3,20210912
2,256,54.7,64.0,75.7,54.0,58.5,64.7,46.9,54.6,59.6,54.8,65.1,77.4,54.8,64.2,74.7,54.7,65.1,77.4,43,75,97,7.1,9.4,11.2,977.0,978.2,979.4,1016.7,1018.1,1019.6,0.5,3.5,6.7,276,1.2,6.1,10.6,277,1.5,6.6,11.2,278,0.0,0,5,53,100,0,214.8,727.0,5156.2,20210913
2,257,60.0,73.0,86.4,61.0,66.8,69.8,60.8,63.5,65.6,61.5,74.6,86.5,61.5,73.0,85.8,61.5,74.6,86.5,43,75,100,11.7,13.0,13.8,971.0,973.0,976.5,1010.0,1012.3,1016.4,4.1,9.3,11.4,225,9.9,16.9,21.2,225,11.2,18.0,22.6,225,0.15,0,26,72,100,0,229.9,742.9,5516.9,20210914
2,258,55.4,63.3,74.3,49.9,57.7,65.5,44.4,53.1,64.6,55.7,63.3,68.1,55.7,63.3,68.1,55.7,63.3,68.1,49,71,99,6.4,9.2,13.4,970.8,974.0,977.0,1010.3,1013.8,1017.3,3.0,7.0,10.9,274,6.7,13.0,19.0,278,8.1,14.0,20.3,280,0.0,0,95,100,100,0,115.1,320.0,2761.0,20210915
2,259,47.4,57.4,66.7,45.7,51.0,56.1,42.1,45.0,48.6,47.7,57.2,66.6,47.7,57.2,66.6,48.5,57.4,66.6,42,65,81,5.8,6.5,7.5,977.2,979.2,982.5,1017.4,1019.6,1023.5,2.6,3.6,4.6,14,4.6,7.2,11.8,17,4.7,8.0,13.9,18,0.0,0,0,78,100,0,142.9,526.0,3428.8,20210916
2,260,45.0,56.2,68.8,43.2,49.4,56.1,39.0,42.3,46.0,44.5,56.1,68.4,44.5,56.1,68.4,45.6,56.2,68.4,34,63,83,5.2,5.9,6.8,982.9,986.4,989.2,1023.9,1027.1,1030.3,0.7,3.2,6.0,332,1.2,5.2,8.7,338,1.3,5.6,9.0,339,0.0,0,0,0,0,0,244.1,771.9,5856.9,20210917
2,261,48.4,60.7,75.0,45.6,53.7,61.6,42.5,47.8,53.9,48.9,61.4,76.3,48.9,61.1,75.0,48.8,61.3,76.3,37,65,83,5.8,7.2,9.1,988.6,989.5,990.9,1028.8,1030.1,1031.4,0.1,2.2,3.3,197,0.6,3.4,5.5,203,0.7,3.6,6.1,204,0.0,0,0,0,0,0,237.4,754.2,5696.3,20210918
2,262,52.0,63.1,76.9,50.8,56.1,62.9,48.2,50.9,55.8,54.2,64.3,77.4,54.2,64.3,76.8,52.6,64.0,77.4,40,67,88,7.3,8.2,9.8,983.7,986.2,988.5,1024.1,1026.5,1029.1,0.1,2.1,4.6,127,0.3,3.0,6.2,128,0.2,3.1,6.3,128,0.0,0,0,0,3,0,234.4,747.0,5626.3,20210919
2,263,52.5,63.7,77.0,50.0,56.9,64.0,47.5,52.1,57.5,53.4,64.7,77.6,53.4,64.1,76.7,53.0,64.6,77.6,42,68,84,7.1,8.6,10.5,979.0,980.8,983.4,1018.6,1020.8,1023.8,1.4,2.9,4.7,49,2.2,4.5,6.2,52,2.2,4.8,6.4,53,0.0,0,4,55,100,0,231.1,742.3,5547.1,20210920
2,264,55.0,65.9,78.7,54.3,59.3,63.9,52.6,54.9,57.5,55.6,66.6,78.8,55.9,66.0,78.5,55.6,66.6,78.8,42,70,92,8.7,9.5,10.5,974.7,977.4,979.4,1014.7,1017.2,1019.5,2.8,5.0,8.6,233,5.2,9.0,15.8,231,5.4,9.8,16.8,231,0.02,0,6,58,100,0,212.2,699.2,5091.5,20210921
2,265,57.3,63.1,71.5,57.5,62.0,68.1,57.3,61.5,66.8,57.8,64.2,75.8,56.8,63.0,71.0,57.8,64.2,75.8,86,95,99,10.3,12.1,14.6,964.6,968.2,974.3,1003.7,1007.7,1014.3,2.3,6.7,12.9,214,5.3,12.5,23.8,215,6.5,13.6,25.1,214,0.33,0,35,85,100,0,106.5,450.4,2555.7,20210922
2,266,46.6,56.8,64.1,45.8,53.0,57.2,44.1,49.7,57.1,44.6,55.8,62.9,44.6,55.3,62.9,47.6,56.8,62.9,52,79,99,6.3,8.0,10.3,965.6,968.8,973.7,1005.3,1008.7,1014.5,5.5,9.2,16.3,266,9.1,16.5,26.6,267,9.6,17.5,27.6,268,0.03,0,0,35,86,0,218.3,703.6,5239.8,20210923
3,251,55.4,69.6,81.9,54.9,64.2,68.6,54.4,61.1,65.6,55.6,70.7,82.2,56.2,69.8,81.8,55.6,70.7,82.2,45,77,99,9.0,11.7,13.6,996.3,998.2,1000.6,1008.6,1010.5,1013.0,1.8,8.1,14.1,188,5.2,15.3,23.7,194,6.7,16.4,24.9,195,0.09,0,0,46,100,0,229.8,797.5,5286.0,20210908
3,252,61.1,65.5,71.7,58.3,63.7,67.6,56.4,62.6,67.2,61.2,65.7,76.1,61.2,65.5,71.1,61.2,65.7,76.1,67,91,99,9.8,12.3,14.3,995.1,995.8,996.6,1007.4,1008.1,1008.8,0.7,2.3,5.4,302,0.9,4.5,9.8,294,1.0,4.9,10.4,292,0.16,0,100,100,100,0,59.8,351.4,1434.1,20210909
3,253,50.3,61.9,72.6,47.1,55.4,59.8,44.0,50.2,55.0,50.7,62.6,75.8,50.7,62.0,72.6,50.3,62.5,75.8,43,68,91,6.1,7.8,9.3,995.4,999.9,1006.7,1007.7,1012.2,1019.4,2.2,6.8,11.8,307,5.0,13.3,19.6,309,5.9,14.5,20.4,310,0.0,0,0,22,100,0,241.1,802.9,5785.9,20210910
3,254,47.1,60.9,75.2,45.6,54.4,61.4,43.4,48.8,55.3,47.8,61.5,76.3,47.8,60.9,75.0,47.2,61.3,76.3,34,68,93,5.9,7.4,9.3,1007.1,1008.7,1010.6,1019.8,1021.2,1023.0,0.4,4.7,9.3,223,1.9,9.6,15.3,231,2.6,10.5,15.9,232,0.0,0,0,7,66,0,253.3,807.0,6078.6,20210911
3,255,55.3,69.9,84.3,55.0,63.5,70.0,54.7,59.9,64.5,54.7,70.5,85.0,54.7,69.7,84.0,55.5,70.6,85.0,43,74,98,9.0,11.1,13.1,1002.0,1004.7,1007.7,1014.2,1017.1,1020.2,2.6,7.2,12.1,233,7.8,14.7,20.4,242,9.3,15.8,21.3,243,0.0,0,5,45,100,0,220.2,771.6,5284.4,20210912
3,256,58.1,67.9,78.8,55.6,62.0,67.5,50.9,58.1,64.0,58.5,68.8,79.9,58.9,67.9,78.2,58.5,68.8,79.9,46,73,97,8.0,10.5,12.7,1004.2,1005.6,1007.1,1016.6,1018.0,1019.5,1.4,2.8,4.0,264,2.9,5.4,8.5,267,3.3,6.0,9.8,268,0.0,0,16,59,96,0,202.2,557.4,4851.5,20210913
3,257,63.4,75.3,90.5,63.4,68.1,71.6,59.5,64.2,66.5,63.5,76.6,90.3,63.5,75.3,90.2,63.5,76.6,90.3,36,73,99,11.2,13.0,13.9,998.0,1000.3,1003.8,1010.2,1012.5,1016.1,2.9,7.4,11.4,206,7.3,13.9,19.3,212,8.9,14.9,20.0,212,0.07,0,19,64,100,0,230.2,746.5,5525.5,20210914
3,258,57.0,65.2,76.3,51.9,59.5,65.8,46.5,55.0,65.5,57.6,66.2,75.9,58.7,65.5,70.5,57.6,66.2,75.9,50,72,99,6.7,9.6,13.4,998.6,1001.9,1004.8,1010.9,1014.2,1017.3,1.3,4.7,8.2,302,3.6,9.6,13.6,300,4.6,10.5,14.1,300,0.15,0,98,100,100,0,131.7,406.5,3161.3,20210915
3,259,49.3,60.3,70.8,49.0,53.8,59.3,45.4,48.1,51.9,49.7,60.6,72.6,49.7,60.2,70.0,50.3,60.8,73.5,41,66,92,6.5,7.1,8.3,1004.9,1006.9,1010.7,1017.4,1019.4,1023.4,3.0,3.8,4.7,6,5.5,8.0,11.7,10,5.7,8.8,13.4,12,0.0,0,1,79,100,0,159.1,525.9,3819.3,20210916
3,260,46.6,58.4,72.3,46.6,52.1,59.2,43.3,46.2,49.8,46.6,59.0,75.6,46.6,58.5,71.8,47.4,59.4,75.6,36,68,94,6.0,6.6,7.6,1011.2,1014.6,1017.6,1023.9,1027.2,1030.4,0.4,2.6,4.0,27,0.7,4.1,7.4,20,0.9,4.4,8.2,20,0.0,0,0,0,0,0,242.8,769.5,5827.0,20210917
3,261,47.7,60.8,75.9,47.0,54.7,63.0,46.2,50.0,55.3,48.4,61.4,76.9,48.4,61.1,75.5,47.8,61.3,76.9,41,71,94,6.5,7.6,9.3,1016.3,1017.6,1019.2,1028.8,1030.2,1031.7,0.2,1.0,2.1,103,0.3,1.5,2.7,159,0.5,1.6,3.0,164,0.0,0,0,0,0,0,236.7,752.8,5680.8,20210918
3,262,50.9,63.8,79.9,50.5,57.6,66.3,49.9,53.2,59.3,52.9,64.8,79.7,52.9,64.5,79.7,51.3,64.5,79.7,40,72,95,7.5,8.6,10.8,1011.2,1013.8,1016.6,1023.6,1026.3,1029.2,0.5,1.3,2.7,29,0.3,2.0,3.7,59,0.2,2.1,3.8,65,0.0,0,0,0,4,0,234.3,747.7,5622.1,20210919
3,263,52.2,65.0,80.5,51.8,58.8,67.5,50.8,54.6,61.4,53.2,65.7,80.2,53.2,65.2,79.9,53.0,65.7,80.2,41,72,92,7.8,9.2,11.7,1005.9,1008.2,1010.9,1018.2,1020.6,1023.4,0.4,2.3,3.8,15,1.2,3.7,5.6,28,1.4,4.0,5.8,30,0.0,0,5,43,98,0,230.0,743.2,5520.0,20210920
3,264,54.6,66.2,81.3,54.1,60.1,65.7,53.5,56.1,59.1,54.9,66.7,80.6,54.9,66.4,80.4,54.9,66.7,80.6,43,74,97,8.7,9.7,10.7,1001.9,1004.9,1007.4,1014.3,1017.3,1019.8,0.2,3.4,8.0,178,1.3,6.3,14.1,192,1.6,6.9,14.9,194,0.06,0,6,64,100,0,203.4,669.5,4882.0,20210921
3,265,57.7,65.8,77.4,58.7,63.6,70.1,58.5,62.5,67.6,59.0,66.5,79.6,59.5,66.1,77.4,59.0,66.5,79.6,61,90,99,10.6,12.2,14.7,991.0,995.2,1001.4,1003.2,1007.5,1013.8,0.5,4.6,8.7,216,1.6,9.0,18.2,218,2.0,9.7,19.4,217,0.26,0,11,79,100,0,143.4,530.0,3440.9,20210922
3,266,48.2,59.4,68.0,47.7,54.6,57.5,45.6,50.5,57.4,49.8,59.4,68.0,49.8,59.4,68.0,48.9,59.4,68.0,44,76,99,6.6,8.0,10.1,993.5,997.1,1002.3,1005.8,1009.4,1014.9,1.8,5.8,11.2,267,5.0,11.6,18.9,271,6.2,12.5,19.7,271,0.03,0,0,33,66,0,198.4,712.4,4761.1,20210923
4,251,54.4,66.7,77.5,53.7,62.1,66.6,53.1,59.5,63.2,54.0,67.8,78.8,54.0,66.6,76.9,54.5,67.8,78.8,52,80,99,8.9,11.4,12.9,960.3,962.0,964.2,1007.8,1009.9,1012.7,1.8,8.8,14.8,192,4.2,16.6,25.1,197,5.1,17.8,26.1,198,0.22,0,3,40,100,0,250.5,798.9,5760.7,20210908
4,252,53.9,61.0,67.8,53.4,59.3,62.8,52.9,58.1,62.8,54.3,61.1,67.6,54.3,61.3,67.6,54.0,61.0,67.6,66,91,100,8.9,10.8,12.7,959.8,960.7,961.7,1007.5,1008.7,1009.7,0.2,3.0,6.0,319,2.3,5.2,8.6,324,2.4,5.8,9.5,324,0.48,0,70,99,100,0,85.5,474.3,2053.0,20210909
4,253,46.5,55.5,65.9,44.7,51.8,55.4,42.8,48.6,53.0,45.4,54.9,65.5,45.4,54.7,65.5,46.6,55.5,65.5,49,80,99,6.0,7.6,8.9,960.6,964.8,970.8,1009.1,1013.5,1020.4,2.6,7.2,14.0,302,6.8,13.5,22.6,308,8.1,14.8,23.4,309,0.0,0,2,51,100,0,181.6,759.7,4358.8,20210910
4,254,44.2,58.5,69.4,43.8,52.7,58.9,43.0,48.0,53.5,43.7,58.4,69.3,43.7,58.3,69.3,44.3,58.5,69.3,43,71,96,6.1,7.4,9.0,971.0,972.4,974.2,1019.7,1021.3,1023.1,1.6,6.6,10.4,222,3.4,11.6,20.1,225,3.8,12.4,21.5,226,0.0,0,0,11,100,0,250.6,812.9,6013.9,20210911
4,255,57.8,65.1,77.7,55.7,60.9,67.2,53.3,58.3,65.7,57.8,65.9,79.3,57.2,65.1,77.6,57.8,65.9,79.3,55,80,98,9.0,10.9,14.0,967.4,969.2,970.8,1015.1,1017.4,1019.3,1.6,7.4,11.0,252,4.4,13.8,19.9,252,5.4,14.8,21.2,253,0.04,0,3,57,100,0,198.1,763.3,4754.3,20210912
4,256,52.7,62.3,72.5,51.6,58.5,64.3,50.1,56.0,61.6,53.8,63.7,76.1,53.8,62.7,71.1,52.7,63.6,76.1,57,82,98,8.0,10.0,12.1,968.0,970.0,971.5,1016.2,1018.4,1019.9,0.5,2.6,4.9,321,1.6,4.0,6.3,301,1.7,4.3,7.1,300,0.0,0,2,66,100,0,179.4,552.2,4305.6,20210913
4,257,61.5,71.2,83.4,62.2,66.6,70.0,62.1,64.4,66.5,62.4,72.0,83.7,62.4,71.2,81.9,62.4,72.0,83.7,55,81,99,12.3,13.5,14.5,963.1,964.9,967.5,1010.3,1012.6,1015.7,3.6,7.9,12.5,216,7.3,15.2,21.3,219,8.3,16.5,22.5,219,0.29,0,32,80,100,0,228.6,745.3,5487.0,20210914
4,258,51.7,59.4,69.1,48.3,55.4,64.0,44.7,52.1,63.8,52.2,59.4,65.1,52.2,59.3,65.1,52.2,59.4,65.1,55,78,99,6.5,8.8,13.1,963.3,966.7,969.2,1011.2,1015.1,1018.2,2.9,6.2,11.3,307,6.0,11.2,18.1,309,6.6,12.2,18.9,309,0.1,0,99,100,100,0,146.9,483.5,3525.9,20210915
4,259,47.0,56.1,66.1,46.9,50.6,55.5,43.1,45.5,48.9,48.6,56.0,64.8,48.6,56.0,64.8,47.8,56.1,64.8,45,70,94,6.1,6.7,7.6,969.3,971.2,974.4,1018.3,1020.1,1024.0,1.7,4.1,9.1,350,3.4,7.1,13.2,352,3.7,7.5,13.5,352,0.0,0,0,71,100,0,183.1,613.6,4395.0,20210916
4,260,44.3,55.4,68.0,44.3,49.7,55.5,42.5,44.3,46.9,45.7,55.8,67.7,45.7,55.8,67.7,45.1,55.4,67.7,40,69,94,6.0,6.4,7.0,974.7,978.2,980.8,1024.4,1027.6,1030.3,1.1,3.4,7.2,345,1.8,4.8,9.3,346,1.7,5.0,9.5,345,0.0,0,0,0,0,0,244.2,771.9,5859.8,20210917
4,261,48.9,60.8,75.4,46.6,54.9,62.8,42.9,50.4,57.3,50.5,61.8,76.8,50.5,61.6,75.4,49.4,61.6,76.8,42,71,90,6.0,8.1,10.4,980.1,981.0,982.3,1028.7,1030.1,1031.5,0.5,1.8,3.2,120,0.2,2.0,3.6,141,0.2,2.0,3.6,159,0.0,0,0,0,0,0,237.1,753.3,5690.0,20210918
4,262,51.6,63.3,77.8,49.2,56.6,64.5,46.6,51.8,58.9,53.6,64.3,78.0,53.6,63.6,77.8,52.1,64.1,78.0,39,69,88,6.9,8.5,11.0,975.1,977.6,979.9,1023.8,1026.4,1029.1,0.7,1.9,3.0,115,0.8,2.2,3.4,126,0.7,2.2,3.5,128,0.0,0,0,2,28,0,235.4,749.9,5648.8,20210919
4,263,53.5,64.4,77.3,52.0,58.7,65.1,50.3,54.9,59.8,54.9,65.4,78.2,54.9,65.1,77.1,54.2,65.3,78.2,46,74,92,8.0,9.6,11.5,970.7,972.5,974.8,1018.6,1020.9,1023.6,0.6,2.4,4.8,364,0.9,2.7,5.9,361,1.1,2.7,6.1,357,0.0,0,36,64,96,0,230.1,736.5,5522.7,20210920
4,264,55.4,64.5,76.6,55.0,59.4,63.8,53.1,56.2,59.0,56.1,65.8,77.9,58.4,65.1,76.4,56.1,65.8,77.9,49,77,99,9.0,10.0,11.0,965.4,969.0,971.4,1013.7,1017.2,1020.0,0.5,3.5,6.4,189,1.9,6.3,11.4,195,2.3,6.9,13.0,196,0.08,0,8,70,100,0,202.2,680.4,4853.3,20210921
4,265,55.0,62.4,71.1,56.2,61.2,66.8,55.9,60.5,66.3,56.6,62.4,67.9,56.4,62.2,67.9,56.6,62.4,67.9,82,94,99,10.0,11.8,14.4,956.2,959.4,964.9,1003.6,1007.2,1013.1,3.4,6.9,12.3,199,5.5,12.4,23.7,204,6.1,13.3,25.2,204,0.34,0,79,94,100,0,145.5,480.4,3493.6,20210922
4,266,45.1,54.0,61.5,45.1,51.4,56.0,44.6,49.3,55.6,44.6,53.0,59.2,44.6,52.5,57.4,45.7,54.0,59.2,67,85,98,6.5,7.8,9.9,957.8,961.3,965.8,1005.9,1009.8,1015.3,3.2,6.7,12.7,266,6.3,12.7,20.4,269,6.6,13.8,21.3,270,0.09,0,5,61,99,0,132.4,381.9,3177.4,20210923
5,251,53.4,61.8,72.0,51.6,56.7,60.8,49.6,53.1,57.9,51.5,62.1,76.0,51.5,61.0,71.8,53.4,62.6,76.0,49,75,94,7.7,8.9,10.5,974.7,976.5,979.6,1005.0,1006.7,1010.2,6.5,11.0,19.2,281,12.6,18.2,27.0,287,14.0,19.4,27.9,289,0.02,0,0,7,65,0,252.2,789.8,5800.0,20210908
5,252,50.4,57.9,68.0,49.3,53.6,59.1,48.0,50.4,54.8,48.8,57.0,67.5,48.8,56.8,67.5,50.8,57.9,67.5,56,77,91,7.2,8.0,9.4,979.6,982.8,986.0,1010.3,1013.4,1016.9,4.9,7.6,10.7,311,9.1,12.2,16.1,319,9.5,12.9,17.1,321,0.05,0,0,31,100,0,216.6,715.3,5197.5,20210909
5,253,48.1,59.6,71.7,46.8,53.5,60.3,45.5,48.5,53.6,46.6,59.9,75.9,46.6,58.8,71.6,48.1,60.4,75.9,44,69,92,6.6,7.4,9.0,986.0,987.7,989.4,1017.0,1018.4,1020.1,3.5,5.8,11.1,247,4.4,9.5,20.9,241,4.5,10.1,22.8,242,0.0,0,0,14,100,0,245.6,791.8,5893.6,20210910
5,254,56.0,68.5,79.6,51.9,61.2,67.9,46.7,56.8,62.0,53.4,69.7,80.9,53.4,67.7,79.5,56.1,70.1,80.9,53,67,86,6.9,10.2,12.3,980.2,984.4,987.2,1010.3,1014.7,1017.8,10.3,14.8,22.8,213,19.1,23.4,35.0,215,20.6,24.6,36.5,216,0.0,0,8,65,100,0,206.1,749.8,4947.5,20210911
5,255,59.4,67.9,76.9,57.8,63.8,68.6,56.8,61.5,66.1,59.4,68.9,79.2,58.5,67.9,76.7,59.4,68.9,79.2,64,81,94,10.0,12.0,14.0,983.5,985.9,987.2,1013.7,1016.2,1017.6,3.8,6.9,12.1,58,4.7,10.7,20.1,67,4.7,11.2,21.3,70,0.05,0,22,85,100,0,170.2,726.0,4085.2,20210912
5,256,59.2,70.2,82.7,58.4,65.4,71.2,57.8,63.0,66.0,59.6,71.5,84.9,58.8,70.1,82.5,59.6,71.5,84.9,57,80,97,10.3,12.7,14.1,979.7,983.1,986.6,1009.5,1013.3,1017.1,6.3,9.8,16.5,198,10.4,15.8,26.0,196,11.2,16.7,27.3,196,0.25,0,19,79,100,0,163.7,464.0,3929.9,20210913
5,257,53.8,65.5,78.8,51.3,60.8,66.7,48.0,57.4,65.8,53.6,66.4,76.7,53.4,65.4,73.6,54.4,66.5,76.7,52,77,98,7.2,10.6,13.9,979.7,981.7,986.1,1009.9,1011.9,1016.8,4.5,10.8,15.9,278,8.7,17.2,22.4,282,9.7,18.1,23.0,282,0.6,0,0,64,100,0,200.1,641.9,4803.3,20210914
5,258,48.9,59.1,69.6,48.3,53.3,58.4,46.7,48.4,51.0,48.7,58.7,68.1,48.7,58.7,68.1,50.0,59.1,68.1,50,70,92,6.9,7.4,8.2,986.3,987.9,989.4,1017.3,1018.6,1020.2,0.9,3.3,5.5,314,0.9,4.8,9.3,325,0.9,5.1,9.9,327,0.0,0,0,49,100,0,179.8,605.9,4316.5,20210915
5,259,51.0,61.6,73.4,49.7,54.4,60.3,46.1,48.6,50.9,51.3,62.2,76.0,51.3,61.3,73.2,52.2,62.3,76.0,44,65,85,6.7,7.4,8.1,989.6,992.0,993.7,1020.4,1022.7,1024.5,2.8,4.2,7.0,241,3.8,5.8,12.1,241,3.9,6.0,12.6,242,0.0,0,0,0,1,0,233.8,713.9,5610.2,20210916
5,260,53.7,63.8,76.1,49.9,55.7,62.5,45.4,49.3,53.0,52.6,63.6,77.3,52.6,63.2,75.9,54.4,64.2,77.3,43,61,75,6.5,7.6,8.7,994.0,995.5,996.7,1024.9,1026.3,1027.4,4.6,6.8,7.8,204,7.3,11.0,14.2,206,7.7,11.4,15.0,206,0.0,0,0,0,0,0,231.5,709.8,5556.4,20210917
5,261,54.3,64.9,78.0,50.8,56.8,64.0,45.9,50.5,54.5,53.2,64.7,78.5,53.2,64.3,77.8,55.0,65.1,78.5,43,61,78,6.6,8.0,9.3,992.9,995.3,997.4,1023.4,1026.0,1028.5,4.4,7.4,9.9,178,7.6,12.4,15.5,181,8.2,13.1,17.1,183,0.0,0,0,0,0,0,230.2,708.0,5525.1,20210918
5,262,56.7,68.2,80.7,54.3,60.4,66.8,50.8,55.3,58.6,57.4,69.7,81.2,55.7,67.7,80.6,57.4,69.7,81.2,47,65,83,8.0,9.6,10.8,988.4,990.5,993.0,1018.6,1020.9,1023.8,6.8,8.1,9.4,189,11.1,13.8,17.1,194,11.4,14.7,18.8,196,0.0,0,0,2,31,0,222.0,686.9,5326.4,20210919
5,263,60.2,69.6,80.4,56.4,61.5,66.5,52.6,56.3,59.5,60.8,70.8,80.7,60.8,69.6,80.0,60.8,70.8,80.7,47,64,83,8.7,9.9,11.1,982.6,986.2,988.3,1012.9,1016.5,1018.8,7.2,9.0,10.8,196,13.2,15.2,19.3,200,13.7,16.3,21.1,201,0.0,0,0,37,83,0,206.1,616.1,4947.7,20210920
5,264,56.8,64.0,74.3,56.6,59.9,63.5,51.1,57.2,62.1,57.8,64.5,76.6,57.3,64.0,72.7,57.8,64.5,76.6,59,80,98,8.2,10.3,12.2,976.5,979.8,983.9,1006.8,1010.0,1014.2,4.2,10.5,15.3,217,6.4,17.3,23.2,221,6.8,18.4,24.2,222,0.8,0,0,77,100,0,78.9,350.5,1892.3,20210921
5,265,49.7,53.8,61.2,47.0,50.7,56.4,40.3,47.8,56.1,44.6,49.9,56.8,44.6,49.9,56.2,50.3,53.8,57.7,62,81,97,5.5,7.4,9.8,975.1,976.4,978.9,1005.5,1007.0,1009.7,5.0,13.8,17.6,286,9.7,21.1,26.0,288,10.7,22.0,27.1,288,0.14,0,27,82,100,0,119.1,400.1,2857.6,20210922
5,266,49.3,52.7,60.9,45.2,48.4,51.9,40.1,44.2,48.7,46.0,50.2,60.8,46.0,50.2,60.8,49.3,52.7,60.8,52,74,94,5.4,6.3,7.5,979.2,981.0,982.7,1010.1,1011.8,1013.6,5.1,8.4,12.6,258,8.9,13.6,19.0,260,9.5,14.3,20.5,260,0.0,0,0,64,100,0,134.9,510.7,3237.3,20210923
6,251,50.7,63.3,79.5,50.3,59.0,66.2,49.8,56.4,62.7,49.8,64.0,79.1,49.8,63.1,77.9,50.8,64.3,79.1,48,81,99,7.9,10.3,12.7,960.9,963.5,966.2,1005.0,1008.3,1011.8,3.0,6.4,13.2,179,5.3,11.7,21.4,186,5.6,12.4,22.4,187,0.5,0,1,68,100,0,203.1,688.8,4672.1,20210908
6,252,54.9,60.6,69.7,54.0,57.8,61.5,51.7,56.0,60.2,54.9,60.6,69.4,56.0,61.2,69.4,54.9,60.6,69.4,53,86,99,8.6,10.0,11.6,962.0,963.1,963.9,1006.6,1008.0,1008.8,1.4,2.8,4.5,212,2.5,4.9,9.2,214,2.6,5.2,10.1,215,0.12,0,100,100,100,0,99.7,374.5,2391.5,20210909
6,253,43.8,53.7,61.6,43.0,50.6,54.9,42.0,48.0,53.2,42.6,53.4,60.8,42.6,53.1,60.8,43.9,53.7,60.8,59,82,98,5.8,7.5,9.0,962.7,966.6,971.7,1007.9,1012.2,1018.2,1.8,5.2,10.5,303,3.2,9.4,17.9,305,3.6,10.1,18.7,305,0.02,0,0,57,100,0,136.9,577.0,3284.9,20210910
6,254,41.9,57.7,70.3,41.5,51.2,58.3,40.9,45.5,50.0,40.3,57.6,75.4,40.3,57.2,70.1,42.0,58.0,75.4,42,67,96,5.6,6.7,8.0,971.1,973.0,975.2,1016.5,1018.7,1021.2,2.4,6.6,10.8,213,4.3,11.7,19.2,220,4.4,12.4,20.4,221,0.0,0,0,33,100,0,233.3,786.9,5597.8,20210911
6,255,46.9,60.1,68.0,45.5,55.2,61.2,44.1,51.7,57.6,46.9,60.1,67.1,46.9,60.1,67.1,46.9,60.1,67.1,63,74,90,6.3,8.6,10.5,967.9,969.8,972.7,1012.8,1015.1,1018.9,0.2,6.1,10.1,239,1.3,11.6,18.5,244,1.7,12.4,19.7,246,0.0,0,0,59,100,0,91.3,372.8,2191.6,20210912
6,257,50.2,66.2,78.6,51.8,62.8,68.5,51.4,61.0,67.4,52.5,68.1,80.4,52.5,66.1,78.4,52.4,68.2,80.4,60,85,99,8.3,12.1,14.9,963.1,965.5,969.9,1007.5,1010.3,1015.3,2.8,7.5,11.4,221,3.5,14.1,22.6,222,4.0,15.0,24.1,223,0.62,0,90,98,100,0,164.3,524.6,3942.8,20210914
6,258,47.4,57.8,72.1,45.4,53.1,62.5,42.0,48.8,61.9,48.4,57.9,63.7,48.4,57.8,63.7,47.9,57.8,63.7,45,75,97,5.9,7.9,12.3,963.3,968.5,972.5,1008.1,1013.9,1018.7,0.3,5.4,9.1,286,0.7,9.7,14.3,287,1.0,10.4,15.9,287,0.15,0,58,94,100,0,208.0,659.1,4992.3,20210915
6,259,42.5,52.5,63.3,41.9,47.7,52.8,40.8,43.1,45.4,43.3,53.0,61.1,43.3,53.0,61.1,43.0,52.5,61.1,52,72,92,5.5,6.1,6.7,972.6,974.6,977.5,1018.9,1020.7,1024.4,0.3,3.1,8.7,335,0.9,5.2,13.9,327,1.0,5.5,14.5,327,0.0,0,3,67,100,0,169.2,467.6,4062.6,20210916
6,260,39.6,53.0,66.9,39.4,47.2,54.5,38.5,41.1,44.4,40.8,53.2,66.9,40.8,53.2,66.9,40.1,53.0,66.9,38,68,94,5.1,5.6,6.4,977.8,981.2,983.6,1024.7,1027.5,1030.3,0.3,1.8,3.8,297,0.4,3.1,6.1,293,0.6,3.2,6.3,293,0.0,0,0,0,1,0,236.0,745.4,5663.0,20210917
6,261,45.8,60.5,76.9,43.3,54.1,64.8,40.5,49.1,58.6,46.8,61.3,77.7,46.8,61.1,76.5,46.0,60.9,77.7,42,69,88,5.4,7.8,10.8,982.5,983.7,984.9,1027.7,1029.7,1031.4,1.1,2.0,2.6,189,2.0,3.6,5.8,197,2.1,3.8,6.2,199,0.0,0,0,0,0,0,228.3,724.0,5478.5,20210918
6,262,51.4,63.8,78.9,50.6,57.9,66.2,49.5,54.0,60.2,53.8,64.9,79.2,53.8,64.4,78.7,52.0,64.6,79.2,44,73,91,7.7,9.2,11.5,978.3,980.6,982.9,1023.4,1026.1,1028.9,1.0,2.1,3.2,171,1.9,3.6,5.1,176,2.0,3.8,5.4,177,0.0,0,0,2,23,0,226.4,721.2,5434.2,20210919
6,263,53.7,64.6,78.8,53.2,59.1,66.2,52.6,55.7,60.3,54.2,65.3,79.3,55.6,65.3,78.7,54.2,65.3,79.3,45,76,94,8.6,9.8,11.6,973.4,975.4,978.1,1018.2,1020.7,1023.8,0.3,1.2,2.1,99,0.5,2.0,3.2,190,0.5,2.1,3.4,196,0.0,0,22,60,78,0,212.2,698.0,5091.7,20210920
6,264,54.5,65.5,79.3,53.9,59.6,64.5,53.2,55.8,58.3,54.8,66.3,79.1,56.6,66.2,78.8,54.8,66.3,79.1,43,74,94,8.9,9.9,10.9,967.8,971.1,973.9,1012.9,1016.1,1019.3,1.2,3.2,5.7,172,2.1,6.1,10.4,180,2.1,6.5,11.0,181,0.0,0,16,73,100,0,205.2,692.8,4924.2,20210921
6,265,52.3,59.7,65.7,53.5,58.7,62.3,53.2,58.1,60.9,53.2,59.7,64.9,52.8,59.5,64.9,54.0,59.7,64.9,87,95,98,9.1,10.8,11.9,957.8,961.5,967.6,1002.2,1006.3,1012.7,3.2,5.3,7.6,170,6.0,10.6,17.2,179,6.6,11.4,18.6,180,0.33,0,67,97,100,0,47.8,145.2,1148.6,20210922
6,266,42.6,52.1,59.5,43.1,49.5,52.4,42.4,47.2,51.7,41.8,50.4,58.1,41.8,50.1,55.4,43.8,52.1,58.1,64,85,98,5.9,7.3,8.5,958.4,961.5,966.5,1003.6,1007.0,1012.9,3.5,6.9,13.1,242,7.9,13.3,21.6,244,8.9,14.3,22.4,246,0.09,0,17,50,73,0,142.5,479.4,3420.5,20210923
7,251,55.9,67.8,78.0,54.9,62.8,66.9,54.1,60.0,63.9,56.0,68.8,79.0,55.7,67.8,78.0,56.0,68.8,79.0,47,78,98,9.2,11.5,13.2,966.1,967.9,969.9,1008.6,1010.4,1013.1,3.7,9.1,14.0,201,10.4,17.3,23.3,203,12.8,18.6,24.4,204,0.06,0,0,49,100,0,225.1,803.6,5176.7,20210908
7,252,58.8,63.1,67.7,56.0,61.0,64.1,53.7,59.8,63.6,58.9,63.1,67.6,58.5,63.0,67.6,58.9,63.1,67.6,67,89,99,9.1,11.5,13.0,964.7,965.7,966.4,1007.3,1008.3,1009.0,1.3,4.0,7.1,304,2.3,7.4,14.1,309,2.6,8.0,15.3,310,0.16,0,100,100,100,0,63.0,409.3,1511.5,20210909
7,253,47.7,58.2,67.6,46.0,53.1,56.3,44.3,48.9,53.3,45.6,57.3,67.4,45.6,56.9,67.4,47.8,58.2,67.4,46,73,94,6.3,7.7,9.0,965.4,969.7,975.9,1008.3,1012.9,1020.1,4.8,9.6,14.2,303,9.9,17.4,22.8,308,11.7,18.6,23.7,308,0.0,0,0,15,100,0,250.7,812.3,6015.4,20210910
7,254,46.6,59.5,70.5,45.4,53.3,59.1,43.6,48.0,53.4,44.4,59.2,73.1,44.4,58.8,70.4,46.7,60.0,74.3,38,69,92,6.2,7.4,8.9,976.1,977.9,979.5,1020.3,1021.5,1022.9,3.7,7.0,10.6,247,6.0,12.8,18.3,248,6.4,13.9,19.9,249,0.0,0,0,6,67,0,255.2,816.6,6123.6,20210911
7,255,57.7,68.4,80.9,55.8,62.2,67.7,53.1,58.5,63.3,59.5,69.4,81.6,57.8,68.3,80.7,59.5,69.4,81.6,49,72,91,8.9,10.9,12.8,972.5,974.5,976.6,1014.9,1017.4,1019.9,4.2,9.7,13.1,251,9.5,17.6,22.1,255,10.5,18.7,23.2,255,0.0,0,1,62,100,0,220.7,776.4,5295.6,20210912
7,256,57.3,65.4,75.1,54.0,60.3,66.5,48.8,56.7,63.1,59.2,65.9,77.4,58.8,65.5,74.2,59.2,65.9,77.4,48,75,98,7.6,10.3,12.7,973.6,975.3,976.6,1016.6,1018.3,1019.6,2.1,4.1,5.6,281,3.6,7.3,10.8,286,4.1,7.9,12.3,286,0.0,0,6,71,100,0,167.1,539.9,4009.2,20210913
7,257,63.0,73.1,84.8,62.8,66.8,69.8,61.0,63.6,65.5,63.1,74.2,85.3,63.1,73.1,84.5,63.1,74.2,85.3,45,75,99,12.1,13.1,13.9,968.7,970.4,973.1,1010.9,1012.9,1016.1,3.7,8.3,12.5,229,9.4,15.7,20.6,229,11.2,16.9,21.4,229,0.01,0,24,69,98,0,234.5,752.7,5626.9,20210914
7,258,54.5,61.8,74.2,49.4,57.0,65.8,44.0,53.1,65.3,54.6,61.8,66.9,54.4,61.6,66.9,55.0,61.8,66.9,58,74,97,6.3,9.2,13.8,968.5,971.6,974.3,1011.1,1014.6,1017.8,3.6,7.4,11.3,302,7.1,13.6,19.4,305,8.3,14.6,20.4,305,0.03,0,100,100,100,0,116.7,339.6,2800.0,20210915
7,259,49.0,57.8,67.3,47.5,51.4,55.5,42.9,45.4,48.5,48.4,57.2,66.6,48.4,57.2,66.6,49.9,57.8,66.6,42,65,84,6.1,6.7,7.4,974.3,976.2,979.6,1017.8,1019.7,1023.7,4.1,5.0,7.0,354,6.2,9.3,12.3,362,6.4,10.0,13.4,364,0.0,0,0,71,100,0,168.7,577.3,4047.7,20210916
7,260,46.6,57.5,71.1,45.4,50.9,57.5,42.6,44.6,48.2,45.8,57.3,70.7,45.8,57.3,70.7,47.5,57.9,74.5,36,65,86,6.0,6.4,7.4,980.0,983.4,986.1,1024.2,1027.2,1030.3,1.8,3.1,4.2,333,1.1,4.5,7.4,344,0.8,4.6,7.9,346,0.0,0,0,0,0,0,244.6,774.0,5871.5,20210917
7,261,50.0,60.2,73.0,46.6,53.3,60.4,43.1,47.5,52.9,49.9,61.3,75.9,49.9,60.9,72.7,50.0,61.2,75.9,40,65,78,6.0,7.2,8.8,985.5,986.5,987.9,1029.0,1030.2,1031.5,0.7,2.6,4.2,76,0.4,2.8,5.9,93,0.2,2.8,6.0,96,0.0,0,0,0,0,0,239.1,758.9,5738.0,20210918
7,262,51.9,62.8,75.5,49.4,55.8,62.9,46.8,50.6,56.1,53.6,64.2,76.7,53.9,63.4,75.3,52.1,64.0,76.7,41,67,82,6.9,8.1,9.9,980.3,983.0,985.3,1023.9,1026.4,1029.2,0.4,2.5,4.4,60,0.3,2.7,5.0,83,0.2,2.8,5.1,87,0.0,0,0,1,8,0,236.8,754.4,5683.0,20210919
7,263,54.0,64.3,77.1,51.8,57.8,64.4,49.9,53.2,58.2,54.6,65.4,77.8,54.8,64.8,77.0,54.3,65.3,77.8,43,69,85,7.8,8.9,10.8,975.9,977.7,980.0,1018.6,1020.8,1023.5,0.2,3.1,4.7,33,1.1,4.0,6.3,48,1.4,4.1,6.5,51,0.0,0,8,47,99,0,232.2,748.8,5571.9,20210920
7,264,56.3,65.5,77.8,55.1,59.4,63.3,53.0,55.3,58.7,56.8,66.3,78.2,57.6,65.8,77.6,56.8,66.3,78.2,42,73,99,8.8,9.7,10.9,971.1,974.4,976.5,1014.2,1017.4,1019.8,2.1,4.0,7.5,210,2.8,6.9,12.8,205,2.9,7.5,14.3,205,0.1,0,12,71,100,0,205.9,685.2,4940.4,20210921
7,265,57.2,63.3,74.4,57.5,61.5,67.6,57.1,60.6,66.9,58.1,63.7,77.1,56.7,63.3,73.8,58.1,63.7,77.1,62,92,100,10.4,11.8,14.7,961.4,964.8,970.6,1003.5,1007.5,1013.6,1.8,6.5,13.0,222,3.3,11.9,24.5,222,3.8,12.7,25.9,221,0.23,0,57,92,100,0,128.5,486.7,3084.3,20210922
7,266,46.9,56.3,64.3,45.9,52.1,57.0,44.7,48.4,56.6,45.2,55.3,64.2,45.2,55.1,64.2,47.1,56.3,64.2,49,77,97,6.5,7.6,10.2,963.0,966.5,971.2,1005.8,1009.6,1015.2,4.2,8.2,13.4,275,9.3,15.0,21.9,275,10.0,16.2,22.7,275,0.0,0,0,29,81,0,214.8,735.3,5153.8,20210923
8,251,55.7,61.0,66.1,52.2,55.6,58.1,47.9,51.6,54.6,54.0,60.6,65.6,54.0,60.2,65.6,55.9,61.0,65.6,60,71,85,7.3,8.4,9.3,974.9,977.6,981.5,1002.8,1005.6,1009.8,7.5,12.4,15.7,306,15.0,20.6,23.6,307,16.1,21.5,24.4,308,0.07,0,0,37,100,0,197.0,725.8,4530.9,20210908
8,252,51.0,59.1,65.9,48.6,53.6,57.1,46.5,49.2,51.4,51.6,58.7,65.9,51.6,58.7,65.9,51.0,59.1,65.9,57,70,85,6.8,7.6,8.3,981.6,985.2,988.2,1009.9,1013.4,1016.7,2.1,7.9,12.4,336,6.6,12.9,16.4,338,7.7,13.6,16.7,339,0.0,0,0,21,100,0,239.0,764.3,5736.0,20210909
8,253,49.0,60.1,71.0,47.3,54.3,60.6,45.4,49.7,55.4,49.1,60.9,75.9,49.1,60.0,70.9,49.4,60.8,75.9,51,70,86,6.5,7.8,9.5,986.0,988.7,990.7,1014.1,1017.0,1019.1,1.5,6.7,13.2,200,2.0,10.9,23.7,203,1.5,11.4,24.9,204,0.0,0,5,53,100,0,230.5,758.1,5531.0,20210910
8,254,56.9,67.3,75.2,55.1,62.6,65.9,52.6,59.9,63.7,57.1,68.9,77.7,55.2,67.2,75.1,57.1,68.9,77.7,60,78,97,8.6,11.3,12.9,982.3,984.1,986.7,1010.1,1012.1,1014.9,1.0,12.1,18.8,217,1.1,20.1,28.7,218,1.7,21.0,29.9,219,0.01,0,1,69,100,0,159.4,678.5,3825.7,20210911
8,255,50.6,59.1,70.1,46.4,52.4,57.3,38.7,46.2,52.4,50.0,58.7,75.0,50.0,58.4,70.1,50.7,59.3,75.0,41,65,93,5.1,6.8,8.5,987.0,989.3,990.3,1015.3,1017.7,1018.7,3.6,5.8,9.6,32,6.0,9.6,14.1,39,6.1,10.0,15.0,39,0.0,0,8,78,100,0,196.3,715.0,4711.3,20210912
8,256,51.2,60.8,74.6,45.7,57.1,67.4,37.7,54.0,64.6,49.7,60.7,76.9,49.7,60.3,73.2,51.3,61.3,76.9,57,80,99,4.9,9.6,13.3,981.3,985.1,989.4,1009.2,1013.3,1018.0,1.3,4.8,8.3,135,2.9,8.4,12.5,126,3.0,8.8,13.7,126,0.54,0,41,83,100,0,106.2,474.4,2548.5,20210913
8,257,50.2,61.8,67.9,48.8,56.8,61.1,46.6,52.9,60.3,49.9,61.6,67.9,49.9,61.6,67.9,51.3,61.8,67.9,52,74,98,6.8,8.9,11.4,981.3,983.8,988.1,1009.3,1011.9,1016.6,3.5,8.5,13.4,306,4.9,13.9,18.9,309,5.2,14.5,19.4,309,0.0,0,0,53,100,0,215.0,695.8,5159.4,20210914
8,258,48.9,57.9,68.1,48.1,53.1,58.4,46.3,49.3,52.9,47.7,57.3,67.2,47.7,57.3,67.2,50.0,57.9,67.2,53,74,87,6.8,7.6,8.7,988.6,989.6,990.9,1017.2,1018.0,1019.3,3.1,5.4,7.6,245,6.1,9.4,12.9,246,6.0,9.7,13.6,247,0.0,0,5,54,100,0,177.3,564.6,4254.2,20210915
8,259,52.8,61.2,71.5,51.2,55.3,59.5,48.6,50.8,52.5,52.1,61.9,75.7,52.1,60.5,71.3,53.6,62.4,75.7,47,71,91,7.4,8.0,8.5,991.0,993.0,994.0,1019.5,1021.4,1022.6,4.0,7.6,11.6,219,10.2,14.5,17.9,224,11.2,15.5,19.9,226,0.0,0,0,1,5,0,226.3,684.7,5430.9,20210916
8,260,54.4,63.0,74.1,51.3,56.6,62.0,47.1,51.8,55.6,52.6,63.8,76.6,52.6,62.2,73.9,54.6,64.4,76.6,49,69,97,6.9,8.4,9.5,994.2,995.9,997.0,1022.8,1024.3,1025.5,6.5,9.2,14.2,201,17.0,18.4,20.9,206,18.7,19.9,21.4,208,0.0,0,0,0,2,0,223.4,678.4,5361.9,20210917
8,261,54.7,64.4,78.3,51.7,57.1,63.4,47.0,51.7,55.1,53.3,64.2,77.6,53.3,63.8,76.8,55.1,64.7,77.6,39,66,82,6.9,8.3,9.5,993.1,995.9,998.0,1021.5,1024.3,1026.6,5.9,8.6,11.0,185,14.3,16.9,19.6,190,16.1,18.4,21.9,192,0.0,0,0,0,0,0,223.3,680.5,5358.0,20210918
8,262,59.9,70.3,80.7,55.5,61.2,66.3,51.9,55.3,59.2,60.3,72.2,80.9,60.3,70.3,80.5,60.3,72.2,80.9,45,60,75,8.3,9.6,11.0,987.9,990.1,992.9,1016.0,1018.2,1021.2,9.0,12.4,16.6,186,18.6,21.4,25.2,189,20.3,22.7,26.0,190,0.0,0,0,22,100,0,212.8,651.4,5107.5,20210919
8,263,62.7,71.3,79.5,58.8,61.9,64.3,47.9,55.2,59.8,63.5,72.8,79.2,63.5,71.3,79.1,63.5,72.8,79.2,42,59,88,7.3,9.6,11.1,982.2,985.6,987.9,1010.0,1013.5,1016.0,6.8,12.4,17.2,189,14.9,21.4,26.3,193,16.5,22.6,27.2,194,0.0,0,39,78,100,0,162.5,576.3,3899.6,20210920
8,264,54.2,61.6,73.9,53.8,59.3,63.5,53.1,57.8,63.2,54.4,61.8,76.4,54.4,61.3,73.1,54.8,61.9,76.4,50,89,96,8.8,10.5,12.7,978.4,980.2,982.2,1006.5,1008.3,1010.0,1.2,8.7,16.3,223,1.2,14.5,27.3,230,1.4,15.1,28.6,231,0.33,0,69,97,100,0,19.3,52.8,463.7,20210921
8,265,49.1,52.1,56.7,46.9,50.6,53.8,44.2,49.3,52.8,44.1,47.8,53.5,44.1,47.8,53.5,49.6,52.1,55.2,82,90,95,6.3,7.7,8.7,975.9,977.7,980.9,1004.4,1006.1,1009.6,4.0,12.8,17.0,312,8.6,21.1,26.8,314,9.3,21.9,27.8,314,0.42,0,92,99,100,0,23.9,79.4,574.3,20210922
8,266,48.2,51.4,59.5,44.3,46.4,52.2,38.3,40.9,50.3,44.6,47.6,52.3,44.6,47.6,52.3,48.9,51.4,55.2,58,68,88,5.0,5.6,8.1,976.6,981.4,983.5,1004.8,1010.0,1012.2,7.8,10.4,15.3,248,13.7,16.7,27.2,245,13.9,17.3,28.3,245,0.06,0,0,70,100,0,141.7,592.8,3399.9,20210923
9,251,54.2,67.6,81.0,53.7,62.6,67.0,53.4,59.6,64.5,54.1,68.7,81.2,54.1,67.5,80.9,54.2,68.7,81.2,45,79,99,8.8,11.2,13.2,983.6,985.4,987.8,1008.2,1010.3,1013.1,3.3,8.6,15.1,190,8.0,16.0,24.7,194,9.2,17.1,25.8,194,0.11,0,0,53,100,0,231.5,795.4,5324.0,20210908
9,252,59.0,64.2,70.2,56.8,62.7,65.4,55.4,61.8,65.1,59.1,64.2,67.5,60.5,64.3,67.5,59.1,64.2,67.5,77,92,100,9.5,12.1,13.5,982.4,983.3,983.8,1007.3,1008.1,1008.7,0.7,2.3,4.9,275,0.7,3.9,9.7,287,0.9,4.3,10.6,287,0.22,0,100,100,100,0,51.0,274.3,1223.8,20210909
9,253,48.0,59.2,70.4,45.1,54.2,59.5,42.2,50.2,55.0,48.2,59.3,69.2,48.2,59.4,69.2,48.0,59.2,69.2,53,73,96,5.8,7.9,9.4,982.8,986.8,993.4,1007.8,1012.0,1019.1,2.2,5.9,11.5,307,4.5,11.3,17.6,311,5.3,12.4,18.2,312,0.03,0,0,31,100,0,211.8,782.1,5082.6,20210910
9,254,44.9,58.9,73.8,43.5,52.8,59.6,41.4,47.4,53.2,44.5,59.5,75.7,44.5,58.8,73.7,45.0,59.7,75.7,35,70,97,5.6,7.1,8.8,993.8,995.4,997.3,1019.5,1020.8,1022.5,1.8,5.1,9.4,225,3.2,10.0,15.5,230,3.6,10.9,16.5,231,0.0,0,0,6,54,0,253.4,804.6,6081.4,20210911
9,255,52.9,66.8,81.9,52.8,61.6,69.0,52.4,58.6,63.6,52.0,67.2,82.5,52.0,66.5,81.5,53.4,67.5,82.5,46,78,98,8.4,10.7,12.8,989.4,991.7,994.3,1014.2,1016.8,1019.8,2.8,7.6,12.2,245,7.0,14.5,19.7,246,8.4,15.6,20.5,247,0.01,0,0,49,100,0,217.9,748.0,5229.5,20210912
9,256,55.0,64.7,77.8,54.3,59.7,66.1,50.2,56.2,60.4,55.0,65.2,78.3,55.5,65.1,76.1,55.0,65.2,78.3,47,77,98,7.9,9.8,11.5,991.5,992.9,994.3,1016.6,1018.0,1019.6,0.5,2.9,5.6,282,1.8,4.9,9.0,276,2.1,5.3,9.2,275,0.0,0,8,57,100,0,201.1,677.8,4826.3,20210913
9,257,60.5,72.4,88.1,60.9,67.2,71.2,60.7,64.6,67.0,61.1,73.7,88.7,61.1,72.4,87.8,61.1,73.7,88.7,41,80,100,11.5,13.3,14.5,985.2,987.4,991.0,1009.7,1012.2,1016.1,2.8,6.6,10.3,209,7.3,12.9,17.3,211,8.5,13.8,18.0,211,0.22,0,12,71,100,0,218.0,739.3,5230.7,20210914
9,258,55.1,63.1,71.4,50.7,57.9,64.7,46.4,53.8,64.6,55.1,63.0,66.8,55.4,63.2,66.8,55.4,63.1,66.8,54,74,99,6.8,9.3,13.2,985.7,989.1,992.1,1010.6,1014.1,1017.5,2.4,5.1,8.8,282,4.9,9.5,13.9,286,5.5,10.3,14.5,287,0.02,0,94,99,100,0,129.4,382.2,3106.6,20210915
9,259,47.4,58.3,68.7,47.4,52.3,58.4,43.6,47.0,52.3,47.8,58.0,68.4,47.8,58.0,68.4,48.4,58.3,68.4,41,68,93,6.2,7.0,8.5,992.3,994.3,997.8,1017.7,1019.7,1023.7,1.9,3.5,4.4,7,3.4,6.8,9.2,8,3.4,7.2,10.2,9,0.0,0,0,76,100,0,153.2,569.8,3676.9,20210916
9,260,44.5,56.8,70.7,44.5,50.7,58.2,42.2,44.8,49.0,45.0,56.7,69.9,45.0,56.7,69.9,45.3,56.8,70.2,37,68,95,5.8,6.3,7.5,998.2,1001.6,1004.5,1024.2,1027.2,1030.4,0.3,2.5,4.5,23,0.2,3.7,6.5,13,0.4,3.9,6.7,12,0.0,0,0,0,0,0,242.3,767.3,5815.2,20210917
9,261,46.7,60.4,75.7,46.1,54.3,62.9,44.9,49.4,55.9,48.1,61.2,76.7,48.1,60.9,75.6,47.2,60.9,76.7,39,71,92,6.3,7.6,9.6,1003.5,1004.6,1006.0,1028.7,1030.2,1031.9,0.3,1.5,3.1,233,0.8,2.3,4.2,225,0.9,2.5,4.3,226,0.0,0,0,0,0,0,236.3,751.6,5672.0,20210918
9,262,50.4,63.4,79.2,50.1,57.4,66.2,49.4,53.2,60.0,50.9,64.1,79.2,50.9,63.9,79.1,50.9,64.1,79.2,41,73,94,7.5,8.8,11.2,998.6,1001.0,1003.6,1023.7,1026.4,1029.3,0.2,1.2,2.3,322,0.5,1.7,3.0,190,0.4,1.7,3.1,185,0.0,0,0,1,10,0,233.3,744.4,5598.8,20210919
9,263,52.2,64.6,79.3,51.6,58.7,67.3,50.5,54.8,61.4,53.3,65.4,79.8,53.3,65.1,79.1,52.9,65.4,79.8,42,74,93,7.8,9.3,11.9,993.3,995.5,998.3,1018.2,1020.7,1023.8,0.6,2.1,3.3,18,1.0,3.3,4.4,24,1.0,3.5,4.5,26,0.0,0,11,62,99,0,229.6,735.5,5509.2,20210920
9,264,54.1,65.4,79.0,53.8,59.7,65.3,53.2,56.2,58.8,54.6,66.1,79.6,55.1,65.6,79.0,54.6,66.1,79.6,46,75,95,8.7,9.8,10.8,989.4,992.1,994.4,1014.5,1017.2,1019.7,0.8,3.7,6.5,186,1.8,6.8,12.4,194,2.1,7.4,14.0,195,0.02,0,6,64,100,0,212.2,695.8,5090.6,20210921
9,265,56.5,64.0,74.2,57.4,62.4,68.2,57.2,61.5,66.0,57.6,64.9,77.2,57.8,64.3,73.6,57.6,64.9,77.2,75,93,99,10.2,12.0,14.1,978.7,982.5,988.9,1003.3,1007.4,1014.0,1.0,4.9,9.6,208,3.0,9.4,20.2,210,3.5,10.1,21.5,210,0.29,0,29,82,100,0,124.1,469.6,2979.3,20210922
9,266,46.1,56.6,64.6,45.9,53.0,56.4,44.5,50.1,56.3,46.2,56.1,62.7,46.2,56.1,62.7,47.1,56.6,62.7,57,80,99,6.3,7.9,9.9,980.5,984.0,989.0,1005.6,1009.1,1014.7,3.0,6.5,10.5,264,7.2,12.7,18.7,267,8.0,13.6,19.5,267,0.06,0,1,31,73,0,184.5,568.9,4427.3,20210923
10,251,60.7,69.6,79.2,59.5,64.9,69.2,58.3,62.3,67.9,60.8,70.8,80.5,60.8,69.6,79.1,60.8,70.8,80.5,49,80,98,10.6,12.3,14.9,984.4,986.4,988.5,1008.4,1010.3,1012.7,3.8,8.7,12.9,190,9.1,16.7,23.4,195,11.0,18.0,24.7,196,0.24,0,0,38,100,0,219.7,756.7,5053.4,20210908
10,252,58.5,64.3,69.7,57.5,62.8,65.2,56.8,62.0,64.9,58.6,64.4,71.6,59.0,64.4,69.6,58.6,64.4,71.6,74,92,100,10.0,12.1,13.4,983.5,984.4,985.3,1007.5,1008.4,1009.4,0.8,3.0,6.0,300,2.1,5.1,10.3,303,2.4,5.6,11.0,302,0.14,0,100,100,100,0,70.1,466.0,1681.6,20210909
10,253,50.7,60.2,71.2,48.2,55.0,58.9,45.9,50.7,56.8,50.7,60.6,75.6,50.7,60.2,70.9,50.7,60.6,75.6,42,74,98,6.6,8.1,10.0,984.5,989.4,995.8,1008.7,1013.7,1020.6,2.8,6.3,12.5,316,5.0,11.6,20.1,318,5.6,12.5,20.9,319,0.0,0,0,15,100,0,248.5,802.3,5963.4,20210910
10,254,47.7,60.7,73.9,46.3,54.5,61.6,44.8,49.4,55.4,48.3,61.7,76.2,48.3,60.8,73.9,47.8,61.5,76.2,41,70,90,6.3,7.6,9.5,995.9,997.5,999.3,1020.8,1022.0,1023.7,0.9,4.8,9.3,233,2.3,9.4,15.3,235,2.7,10.4,17.5,236,0.0,0,0,4,29,0,256.6,817.3,6159.5,20210911
10,255,57.0,69.0,81.6,56.0,63.3,68.5,55.3,60.0,63.9,57.0,69.7,82.5,56.4,68.9,81.4,57.0,69.7,82.5,46,76,98,9.4,11.3,12.8,992.1,994.1,996.3,1016.0,1018.3,1020.8,2.2,7.3,11.8,238,4.7,14.4,19.1,240,5.4,15.7,19.8,240,0.0,0,5,42,100,0,239.0,771.9,5735.2,20210912
10,256,61.4,69.8,80.1,62.5,66.5,73.0,62.0,64.9,71.9,63.3,70.9,81.1,63.3,69.8,78.9,63.3,70.9,81.1,62,86,97,11.9,13.4,17.0,992.5,993.9,995.4,1016.6,1018.0,1019.7,2.1,3.2,4.2,296,2.6,5.0,7.2,289,2.7,5.4,8.0,289,0.26,0,36,70,100,0,210.4,608.3,5048.7,20210913
10,257,65.0,74.1,87.4,64.8,68.3,72.1,61.1,65.3,67.7,65.2,75.3,88.0,65.2,74.1,87.3,65.2,75.3,88.0,41,78,98,11.9,13.6,14.6,987.3,989.3,992.1,1011.2,1013.2,1016.3,3.8,6.3,11.2,211,7.8,12.4,18.5,216,8.7,13.7,19.2,218,0.02,0,27,61,100,0,228.2,737.6,5477.0,20210914
10,258,57.4,64.2,71.6,51.4,60.5,65.1,45.5,57.8,64.8,57.8,64.2,68.1,58.3,64.3,68.1,57.8,64.2,68.1,63,81,98,6.6,10.6,13.3,987.4,990.4,993.5,1011.5,1014.6,1017.9,2.3,4.1,6.2,347,3.7,8.3,12.3,344,3.9,9.3,14.4,342,0.04,0,70,94,100,0,94.0,292.3,2255.4,20210915
10,259,50.3,59.6,68.9,50.1,53.1,57.3,45.0,47.3,49.7,50.3,59.4,67.8,50.3,59.5,67.8,51.4,59.6,67.8,44,66,92,6.4,7.0,7.7,993.2,995.1,998.8,1017.7,1019.5,1023.6,3.0,4.9,7.8,360,6.8,9.3,12.2,6,7.8,10.2,12.7,7,0.0,0,0,71,100,0,180.5,557.0,4330.0,20210916
10,260,47.4,58.3,71.2,47.9,52.6,58.8,45.7,47.6,50.3,47.2,58.9,75.0,47.2,58.5,70.6,48.4,58.8,75.0,41,71,97,6.6,7.0,7.8,999.2,1002.6,1005.2,1024.1,1027.4,1030.1,1.1,3.6,5.9,355,1.2,5.8,8.5,359,1.2,6.3,9.6,360,0.0,0,0,0,0,0,245.0,774.3,5879.5,20210917
10,261,49.2,60.6,74.8,47.9,54.5,62.4,46.2,49.7,55.0,50.0,61.5,76.5,50.0,61.5,74.6,49.6,61.3,76.5,42,70,88,6.6,7.6,9.3,1004.4,1005.5,1007.0,1028.7,1030.2,1031.7,1.0,2.0,2.8,94,1.0,2.9,4.8,99,0.9,3.1,5.2,100,0.0,0,0,0,0,0,239.7,762.1,5752.0,20210918
10,262,51.0,62.8,76.9,49.8,56.5,64.4,48.4,51.7,57.7,52.2,64.0,77.5,52.2,63.4,76.5,51.4,63.8,77.5,39,70,89,7.2,8.3,10.3,998.9,1001.6,1004.3,1023.5,1026.2,1029.2,0.7,2.4,4.5,81,1.4,3.6,6.1,83,1.5,3.7,6.2,83,0.0,0,0,2,14,0,237.3,756.6,5694.2,20210919
10,263,53.6,65.1,79.5,52.2,59.2,67.2,50.4,55.2,62.2,54.7,65.9,79.3,55.1,65.5,79.1,54.5,65.9,79.3,42,73,92,7.8,9.5,12.2,994.4,996.3,998.6,1018.4,1020.6,1023.2,0.5,2.4,4.0,6,0.5,3.7,5.6,11,0.6,3.9,5.8,12,0.0,0,9,50,94,0,227.7,746.7,5465.4,20210920
10,264,55.9,65.8,77.8,55.1,60.5,63.2,52.7,57.0,62.2,56.9,66.7,78.2,58.1,66.1,77.7,56.9,66.7,78.2,42,77,99,8.7,10.1,12.1,989.0,993.2,995.4,1013.2,1017.4,1019.8,1.2,3.7,7.4,179,2.7,6.7,12.9,182,3.1,7.3,13.6,183,0.1,0,10,79,100,0,191.8,657.2,4601.4,20210921
10,265,57.1,66.6,79.6,57.5,64.0,67.8,57.4,62.6,66.7,57.8,67.3,78.4,57.4,66.5,76.3,57.8,67.3,78.4,57,89,99,10.2,12.4,14.3,980.3,983.5,988.3,1003.9,1007.4,1012.5,3.0,6.4,10.3,213,6.6,12.3,18.6,214,7.6,13.3,19.8,214,0.16,0,36,82,100,0,130.7,505.4,3137.8,20210922
10,266,49.1,57.8,66.4,47.9,53.2,56.8,44.8,49.2,56.6,49.6,57.4,66.4,49.6,57.4,66.4,49.6,57.8,66.4,47,76,98,6.4,7.7,10.0,982.6,986.4,990.9,1006.7,1010.7,1015.6,2.6,6.9,12.3,268,6.2,13.7,20.1,270,7.6,15.0,20.9,271,0.0,0,0,15,62,0,215.1,745.4,5160.8,20210923
11,251,50.9,60.0,70.9,49.8,55.4,59.3,48.9,52.0,55.3,48.2,59.1,75.7,48.2,58.7,70.7,50.9,60.2,75.7,48,77,93,7.5,8.5,9.6,974.7,976.8,980.6,1003.6,1005.7,1009.9,6.9,11.3,17.7,283,13.2,18.4,24.5,288,14.6,19.6,25.1,290,0.0,0,0,25,100,0,218.2,736.8,5019.4,20210908
11,252,49.7,58.0,69.3,48.8,52.7,57.3,46.6,48.3,49.7,46.8,56.5,69.0,46.8,56.5,69.0,50.0,58.0,69.0,45,73,93,6.9,7.4,7.7,980.6,983.8,987.0,1010.0,1012.9,1016.5,6.8,8.7,11.9,322,13.2,14.5,16.1,328,13.6,15.5,17.9,329,0.0,0,0,30,100,0,185.7,734.4,4457.8,20210909
11,253,47.6,60.0,72.9,46.5,53.5,59.2,45.4,47.9,51.6,45.3,59.9,75.6,45.3,59.0,72.7,47.7,60.7,75.6,40,68,93,6.5,7.2,8.3,987.2,988.6,990.4,1016.5,1017.8,1019.6,3.6,5.8,10.4,274,4.2,9.1,18.6,277,4.3,9.7,20.6,277,0.0,0,0,40,100,0,224.2,777.1,5381.6,20210910
11,254,56.9,68.1,79.6,52.7,60.3,66.0,47.6,55.3,60.7,54.5,68.7,80.1,54.5,67.4,79.4,56.9,68.9,80.1,47,65,91,7.1,9.6,11.5,981.0,984.6,987.3,1009.4,1013.4,1016.5,5.4,13.3,21.7,231,7.7,20.5,31.2,232,8.3,21.7,32.4,232,0.0,0,9,76,100,0,184.2,705.4,4420.8,20210911
11,255,54.7,64.4,75.4,50.8,55.9,61.0,41.5,48.0,60.5,53.6,64.6,75.4,53.5,64.1,75.3,55.2,64.8,75.4,29,59,96,5.7,7.4,11.4,985.1,987.9,989.2,1014.0,1017.0,1018.4,0.5,5.2,9.6,47,0.5,7.2,14.6,48,0.5,7.5,15.3,49,0.0,0,0,85,100,0,193.5,709.9,4643.7,20210912
11,256,54.9,66.3,80.1,51.8,61.3,69.5,46.4,58.2,65.5,55.4,67.2,81.0,55.0,65.9,78.6,56.4,67.5,81.0,63,76,98,6.8,10.9,13.8,980.7,984.6,988.7,1009.3,1013.4,1017.9,3.9,8.5,13.8,180,6.8,13.1,20.9,171,7.9,13.8,21.9,173,0.03,0,7,71,100,0,143.2,624.3,3438.2,20210913
11,257,50.6,63.6,73.7,49.1,58.7,65.5,44.9,54.6,64.3,50.1,63.7,76.1,50.1,63.3,73.6,51.8,64.5,76.1,40,76,98,6.5,9.6,13.2,981.1,982.8,987.5,1009.8,1011.7,1016.9,4.3,9.9,16.9,291,8.4,15.0,22.7,294,8.9,15.8,23.3,295,0.08,0,0,50,100,0,211.5,652.9,5075.7,20210914
11,258,48.2,58.3,71.6,46.4,51.8,57.0,44.0,45.8,49.3,46.5,57.5,70.2,46.5,57.5,70.2,48.5,58.9,74.8,39,66,85,6.2,6.7,7.6,987.8,988.9,990.6,1017.3,1018.2,1020.0,4.1,5.7,9.0,308,6.2,8.4,11.8,312,6.3,8.7,12.0,313,0.0,0,0,45,100,0,158.2,555.4,3797.5,20210915
11,259,51.0,62.3,77.0,47.6,53.6,60.4,43.5,45.6,50.3,49.4,61.8,76.7,49.4,61.5,76.7,51.1,62.4,76.7,33,58,77,6.1,6.6,7.9,990.9,992.8,994.4,1020.3,1022.0,1023.9,4.2,6.7,9.5,259,6.2,10.0,13.6,259,6.4,10.4,14.6,259,0.0,0,0,1,6,0,230.1,703.2,5521.1,20210916
11,260,52.8,64.7,80.0,50.5,56.2,62.7,46.9,49.2,51.9,51.5,64.6,79.5,51.5,63.8,79.5,53.8,65.3,79.5,34,61,80,6.9,7.6,8.3,994.6,996.3,997.5,1024.1,1025.6,1026.9,6.1,8.4,10.6,227,10.5,13.7,15.8,228,11.3,14.6,17.5,228,0.0,0,0,0,0,0,226.6,694.8,5438.1,20210917
11,261,53.6,65.1,79.7,50.1,56.6,62.6,46.2,49.7,53.6,52.9,65.3,79.0,52.9,64.5,79.0,54.4,65.7,79.0,35,60,80,6.7,7.7,8.9,994.1,996.5,998.6,1023.4,1025.8,1028.3,6.1,8.5,12.5,187,11.8,13.7,16.5,189,12.7,14.5,17.3,190,0.0,0,0,0,0,0,226.7,697.1,5440.0,20210918
11,262,55.2,69.5,83.7,52.9,60.4,66.3,50.2,54.3,57.6,54.6,69.9,83.4,54.6,69.0,83.4,56.3,70.1,83.4,37,62,85,7.8,9.2,10.4,989.0,991.2,994.0,1017.6,1020.2,1023.3,6.9,9.0,12.6,195,13.2,14.8,16.3,199,13.8,15.9,18.2,200,0.0,0,0,17,70,0,215.1,674.0,5161.1,20210919
11,263,59.9,70.2,83.4,57.2,61.2,65.3,51.7,54.9,56.7,60.9,71.2,82.9,60.9,70.2,82.9,60.9,71.2,82.9,34,61,80,8.5,9.4,10.1,983.4,986.8,989.0,1012.3,1015.6,1018.0,6.7,9.6,15.3,204,13.4,15.9,18.7,206,14.3,17.1,20.7,207,0.0,0,0,38,87,0,156.9,540.2,3765.5,20210920
11,264,55.7,63.1,71.9,56.3,59.5,63.8,52.0,57.1,62.9,56.3,63.2,69.9,56.0,63.0,69.2,57.0,63.2,69.9,63,82,97,8.5,10.3,12.5,977.4,980.1,984.1,1006.3,1009.0,1013.0,3.8,9.8,13.6,231,4.8,15.1,20.1,233,5.1,16.0,21.2,234,0.59,0,6,88,100,0,63.8,325.6,1531.6,20210921
11,265,49.4,53.1,59.9,48.4,50.9,55.1,46.3,49.2,54.7,45.2,49.4,54.7,45.2,49.3,54.6,50.0,53.1,55.7,76,87,96,6.9,7.7,9.3,975.6,976.6,979.6,1004.6,1005.7,1009.0,5.3,12.2,18.8,287,8.5,18.3,26.5,291,8.7,19.0,27.4,291,0.06,0,79,95,100,0,102.2,414.1,2453.4,20210922
11,266,45.7,51.3,61.0,43.5,46.7,51.0,39.6,41.7,47.0,43.4,48.3,61.0,43.4,48.3,61.0,47.0,51.3,61.0,46,72,91,5.3,5.8,7.0,979.4,981.6,983.3,1008.8,1011.0,1012.8,7.2,8.6,11.0,260,11.9,13.9,18.7,262,12.1,14.8,20.1,262,0.0,0,0,68,100,0,107.5,376.1,2580.5,20210923
12,251,53.4,66.9,80.9,53.0,62.0,67.1,52.6,59.1,64.1,53.8,67.8,80.9,53.8,66.9,80.5,53.6,67.8,80.9,45,79,99,8.6,11.1,13.1,979.8,981.6,984.1,1008.1,1010.2,1013.0,2.7,8.2,15.0,192,6.9,15.2,24.8,195,7.7,16.2,25.8,196,0.14,0,0,52,100,0,234.6,795.9,5396.5,20210908
12,252,58.7,63.8,69.7,56.4,62.0,65.3,54.8,60.8,64.8,58.9,63.8,69.5,59.7,63.9,69.5,58.9,63.8,69.5,69,90,100,9.4,11.7,13.4,978.7,979.6,980.2,1007.4,1008.2,1008.8,0.7,2.5,3.8,289,1.0,4.2,7.8,297,0.9,4.5,8.7,297,0.29,0,100,100,100,0,63.2,309.6,1516.2,20210909
12,253,48.9,59.3,70.2,45.3,53.7,58.5,41.4,49.1,54.5,48.4,59.1,69.2,48.4,59.0,69.2,48.9,59.3,69.2,50,71,95,5.6,7.7,9.3,979.2,983.2,989.6,1008.0,1012.1,1019.1,3.0,6.8,12.1,306,5.7,12.5,18.1,310,6.6,13.5,18.8,311,0.01,0,0,26,100,0,217.0,789.8,5209.0,20210910
12,254,45.7,59.0,73.2,44.1,52.9,59.6,41.1,47.4,53.5,44.8,59.5,75.7,44.8,58.7,73.2,45.8,59.9,75.7,36,69,97,5.5,7.1,8.9,990.0,991.6,993.4,1019.6,1020.8,1022.5,2.5,5.1,9.3,234,4.0,10.0,15.6,236,4.5,10.9,16.2,237,0.0,0,0,4,20,0,253.5,805.4,6084.4,20210911
12,255,53.0,66.5,80.7,52.8,61.3,68.0,52.3,58.2,63.1,52.4,67.1,81.7,52.4,66.3,80.7,53.4,67.3,81.7,47,78,97,8.4,10.7,12.6,985.9,988.0,990.4,1014.4,1016.8,1019.6,3.2,7.2,12.4,252,6.4,13.9,20.3,252,7.6,15.0,21.1,252,0.01,0,0,46,100,0,215.8,748.1,5179.5,20210912
12,256,55.0,64.5,77.5,53.9,59.3,65.4,50.3,55.8,59.8,55.2,65.0,77.7,55.9,64.9,76.0,55.2,65.0,77.7,48,76,97,7.9,9.7,11.3,987.7,989.2,990.5,1016.6,1018.1,1019.6,0.3,2.9,5.9,282,1.8,4.9,9.5,277,2.1,5.3,10.0,275,0.0,0,3,57,100,0,202.2,682.1,4852.2,20210913
12,257,59.9,72.3,87.2,60.1,66.8,71.0,60.0,64.1,65.9,60.4,73.5,88.2,60.4,72.3,87.2,60.4,73.5,88.2,42,79,100,11.2,13.1,14.0,981.5,983.7,987.2,1009.8,1012.2,1016.1,2.4,6.3,10.0,213,6.5,12.4,17.0,216,7.4,13.3,17.7,217,0.25,0,11,76,100,0,216.4,738.0,5192.0,20210914
12,258,55.0,62.3,70.6,50.4,57.2,64.0,45.9,53.2,63.9,55.0,62.3,66.8,54.9,62.3,66.8,55.4,62.3,66.8,53,74,99,6.7,9.0,12.9,982.0,985.4,988.4,1010.6,1014.2,1017.6,2.8,5.3,8.9,287,6.1,10.3,15.3,289,6.7,11.1,16.0,289,0.02,0,99,100,100,0,125.3,413.0,3007.8,20210915
12,259,47.5,58.1,68.4,47.1,52.1,57.9,43.4,46.6,52.0,47.9,57.8,68.4,47.9,57.8,68.4,48.6,58.1,68.4,40,67,91,6.1,6.9,8.4,988.7,990.5,994.0,1017.8,1019.7,1023.7,2.5,3.7,4.8,360,3.5,6.6,8.9,362,3.6,7.0,9.7,363,0.0,0,0,75,100,0,156.0,613.7,3743.9,20210916
12,260,44.8,57.1,71.0,44.2,50.9,58.5,42.2,45.0,49.8,45.3,57.2,70.3,45.3,57.4,70.3,45.6,57.6,74.4,36,68,92,5.8,6.4,7.7,994.5,997.8,1000.7,1024.2,1027.2,1030.4,0.1,2.6,4.5,17,0.3,3.3,5.7,363,0.4,3.4,5.9,363,0.0,0,0,0,0,0,242.2,766.6,5812.0,20210917
12,261,47.5,60.4,75.1,46.1,54.1,62.5,44.2,49.1,55.5,48.6,61.1,76.5,48.6,61.2,75.0,48.0,61.0,76.5,40,69,89,6.2,7.5,9.5,999.8,1000.8,1002.2,1028.8,1030.2,1031.8,0.9,1.8,3.0,227,1.1,2.3,4.3,215,1.2,2.4,4.4,213,0.0,0,0,0,0,0,236.6,752.0,5678.0,20210918
12,262,50.8,63.3,78.2,50.0,57.2,65.6,49.0,52.9,59.4,52.7,64.4,78.4,53.4,64.2,78.0,51.3,64.1,78.4,42,72,92,7.4,8.7,11.0,994.9,997.3,999.8,1023.8,1026.5,1029.3,0.7,1.5,2.9,295,0.6,1.7,3.1,191,0.6,1.8,3.2,179,0.0,0,0,1,12,0,233.6,744.9,5605.4,20210919
12,263,53.2,64.6,78.7,52.5,58.8,66.7,51.8,54.9,60.8,53.6,65.5,79.0,53.6,65.2,78.3,53.5,65.4,79.0,43,74,94,8.3,9.4,11.6,989.8,991.8,994.5,1018.4,1020.8,1023.8,0.4,2.2,3.5,10,0.7,3.0,4.4,24,1.0,3.2,4.6,27,0.0,0,18,62,98,0,229.5,735.5,5507.3,20210920
12,264,54.7,65.5,79.6,54.0,59.9,65.4,53.4,56.4,58.8,55.0,66.2,80.0,57.3,66.0,79.6,55.0,66.2,80.0,45,75,97,8.8,9.9,10.9,985.6,988.3,990.7,1014.4,1017.1,1019.7,0.8,3.6,6.8,184,2.0,6.4,11.7,194,2.2,6.9,12.4,195,0.05,0,5,63,100,0,212.4,702.8,5097.1,20210921
12,265,55.6,63.1,72.6,56.7,61.6,67.7,56.5,60.9,65.6,57.0,64.2,76.4,57.6,63.3,72.1,57.0,64.2,76.4,80,93,100,10.0,11.8,13.9,975.0,978.8,985.1,1003.2,1007.4,1014.0,0.3,4.6,11.2,215,2.0,9.1,22.5,214,2.4,9.8,24.0,215,0.31,0,39,85,100,0,107.1,408.6,2571.2,20210922
12,266,46.6,56.4,64.0,45.9,52.4,55.4,43.0,49.0,55.2,47.4,55.9,62.4,47.4,56.0,62.4,48.2,56.4,62.4,58,78,99,6.0,7.6,9.5,976.8,980.3,985.1,1005.7,1009.2,1014.5,2.9,6.6,11.6,267,7.2,13.4,20.4,269,8.2,14.3,21.2,269,0.03,0,1,27,63,0,179.8,500.6,4315.1,20210923
13,251,57.6,69.9,79.7,57.1,64.3,68.0,54.5,61.0,65.7,57.6,70.9,79.8,57.6,70.0,79.7,57.6,70.9,79.8,42,76,98,9.3,11.7,13.7,990.6,992.9,994.8,1009.3,1011.6,1013.8,3.8,9.5,14.7,195,11.5,18.3,24.2,199,13.4,19.7,25.1,200,0.0,0,0,12,100,0,268.0,815.9,6163.3,20210908
13,252,60.9,66.4,70.0,60.1,65.9,69.3,59.6,65.7,69.0,61.0,66.4,70.0,61.0,66.4,69.9,61.0,66.4,70.0,95,98,99,11.0,13.7,15.3,988.2,989.3,990.7,1007.1,1008.1,1009.4,2.1,5.0,8.6,214,3.9,10.0,17.3,222,4.4,10.8,18.4,224,0.71,0,100,100,100,0,44.3,183.1,1063.5,20210909
13,253,51.1,62.3,72.6,48.3,56.4,60.2,45.6,51.7,58.5,49.9,62.9,75.9,49.9,61.9,72.5,51.1,63.1,75.9,44,71,96,6.5,8.4,10.6,988.8,992.9,999.8,1007.6,1011.8,1019.1,3.8,7.9,11.8,303,10.8,15.9,19.7,307,12.5,17.2,20.8,308,0.0,0,0,26,100,0,242.0,812.1,5808.7,20210910
13,254,48.9,61.2,73.4,46.3,54.4,59.7,43.5,48.6,57.5,48.0,61.7,75.8,48.0,60.7,73.2,49.0,62.0,75.8,39,66,94,6.0,7.4,10.1,1000.2,1002.6,1004.1,1019.5,1021.7,1023.1,3.2,6.7,9.8,238,7.5,13.6,17.5,245,7.7,14.7,18.8,247,0.0,0,0,2,10,0,257.1,817.9,6171.0,20210911
13,255,59.1,71.1,82.9,59.7,64.7,69.0,58.4,61.1,63.2,60.1,72.2,83.6,60.1,71.1,82.9,60.1,72.2,83.6,45,74,98,10.7,11.6,12.5,996.3,998.8,1001.7,1015.0,1017.7,1020.8,3.7,9.3,13.9,236,9.7,17.8,23.1,239,10.8,18.9,24.0,240,0.0,0,1,40,100,0,240.9,763.9,5781.5,20210912
13,256,61.5,69.0,78.4,58.7,62.5,66.5,49.9,58.1,63.4,62.2,69.6,78.6,62.2,69.0,77.8,62.2,69.6,78.6,41,71,98,7.8,10.5,12.5,998.3,999.3,1000.5,1017.1,1018.1,1019.5,2.1,3.5,5.8,289,4.7,6.9,10.5,280,4.9,7.5,12.1,280,0.0,0,14,69,100,0,210.7,730.5,5055.7,20210913
13,257,63.3,73.4,86.7,63.4,67.8,71.7,63.3,65.0,67.4,63.7,74.9,88.2,63.7,73.4,86.5,63.7,74.9,88.2,46,78,99,12.5,13.4,14.5,993.0,994.9,997.8,1011.6,1013.6,1016.7,3.9,8.5,13.3,210,11.0,16.5,21.5,214,12.8,17.7,22.3,214,0.0,0,30,61,81,0,229.9,749.1,5518.5,20210914
13,258,58.4,65.6,74.8,52.8,60.6,66.5,47.3,57.1,65.9,58.6,66.0,77.5,59.7,65.8,74.8,58.6,66.0,77.5,60,75,99,7.0,10.3,13.7,992.7,995.3,998.2,1011.5,1014.1,1017.2,2.5,5.3,9.9,279,5.5,10.8,16.0,285,6.5,11.6,17.0,286,0.0,0,58,90,100,0,139.5,418.4,3348.9,20210915
13,259,51.1,59.0,65.6,49.5,53.7,57.1,46.8,49.4,51.9,51.1,59.0,64.1,51.1,59.2,64.1,52.0,59.0,64.1,59,71,84,6.9,7.6,8.3,997.6,1000.0,1003.5,1016.7,1019.1,1022.9,0.8,3.8,5.9,48,1.7,7.4,10.5,48,1.8,8.0,11.2,49,0.0,0,22,89,100,0,99.2,325.2,2381.8,20210916
13,260,47.5,57.8,71.4,45.5,51.4,58.8,41.2,45.2,49.7,47.4,57.4,70.9,47.4,57.4,70.8,49.3,58.3,74.4,35,66,91,5.5,6.4,7.6,1003.9,1007.8,1010.8,1023.4,1027.1,1030.4,1.2,3.8,5.2,26,2.9,7.5,12.5,28,3.2,8.3,14.0,30,0.0,0,0,0,0,0,245.8,778.1,5899.5,20210917
13,261,48.5,60.0,74.9,47.8,54.5,62.1,46.7,50.1,54.7,49.9,60.9,76.4,49.9,60.3,74.7,48.9,60.7,76.4,41,73,94,6.7,7.7,9.1,1009.9,1011.0,1012.5,1028.9,1030.3,1031.7,0.3,1.9,3.6,132,1.0,3.2,6.8,129,1.2,3.4,7.3,128,0.0,0,0,0,0,0,238.7,759.0,5729.7,20210918
13,262,50.7,62.1,76.7,49.3,55.3,63.8,45.2,49.7,56.8,51.2,62.9,77.2,51.2,62.2,76.4,51.1,63.0,77.2,37,67,93,6.4,7.6,9.9,1004.3,1007.1,1009.9,1023.6,1026.3,1029.3,0.3,3.2,4.5,61,0.9,5.6,9.8,70,1.1,6.1,10.9,71,0.0,0,0,0,0,0,237.9,758.9,5709.3,20210919
13,263,51.6,62.8,76.8,47.6,55.8,64.1,43.5,50.2,58.3,50.0,63.5,77.4,50.0,62.5,76.7,51.7,63.8,77.4,40,66,85,6.0,7.9,10.5,999.7,1001.5,1004.0,1018.5,1020.6,1023.3,0.2,4.1,7.2,33,1.5,8.0,12.4,40,1.7,8.7,13.8,42,0.0,0,0,49,100,0,226.1,748.8,5426.6,20210920
13,264,55.2,65.3,78.7,53.3,59.3,64.7,51.6,55.3,58.7,55.5,66.2,79.2,56.6,65.8,78.6,55.5,66.2,79.2,45,73,97,8.2,9.4,10.6,995.6,998.7,1000.6,1014.6,1017.6,1019.6,1.8,3.8,7.6,218,3.6,7.8,13.3,220,4.2,8.7,14.0,220,0.04,0,6,65,100,0,199.6,647.1,4791.4,20210921
13,265,59.2,68.0,79.4,59.3,65.1,68.9,59.2,63.6,67.5,59.6,69.1,80.9,60.8,68.1,79.3,59.6,69.1,80.9,56,88,100,10.8,12.8,14.6,986.0,989.2,995.2,1004.6,1007.9,1014.1,2.6,8.0,12.1,196,7.2,14.9,20.8,198,9.1,15.9,22.1,198,0.14,0,26,71,100,0,191.2,690.1,4587.7,20210922
13,266,49.1,60.1,69.5,47.8,55.2,60.6,44.6,51.0,60.3,49.3,59.9,68.7,49.3,59.7,68.7,49.9,60.1,68.7,42,75,99,6.4,8.2,11.3,987.2,990.6,995.7,1006.0,1009.5,1015.0,3.3,7.1,13.3,267,9.9,14.6,22.9,270,11.8,15.8,23.8,270,0.0,0,0,20,90,0,222.2,690.5,5333.3,20210923
14,251,55.6,66.0,76.8,53.3,61.2,65.9,51.6,58.4,63.0,55.3,67.0,78.3,55.0,66.2,76.5,55.6,67.0,78.3,49,79,99,8.5,11.0,12.9,957.2,959.2,961.5,1006.7,1009.1,1012.0,0.9,7.7,15.0,194,1.6,13.5,25.1,196,1.7,14.4,26.0,197,0.61,0,6,54,100,0,258.6,793.0,5947.9,20210908
14,252,54.2,60.7,67.2,53.8,58.5,61.1,53.4,57.2,60.3,54.4,60.7,66.9,54.4,61.4,66.9,54.2,60.7,66.9,66,89,100,9.1,10.5,11.7,957.7,958.5,959.3,1007.8,1008.7,1009.4,0.4,2.8,4.7,237,0.5,4.1,6.8,241,0.6,4.4,7.0,243,0.72,0,100,100,100,0,112.3,374.8,2694.2,20210909
14,253,45.4,53.6,63.3,43.7,51.1,55.8,42.0,49.2,54.6,44.0,53.1,62.8,44.0,53.0,62.8,45.4,53.6,62.8,61,86,100,5.9,7.8,9.5,958.4,962.4,968.1,1009.1,1013.2,1020.0,1.7,4.7,10.2,293,4.0,8.6,15.7,302,4.5,9.3,16.8,304,0.09,0,4,45,100,0,178.3,778.9,4279.8,20210910
14,254,44.0,56.4,67.4,43.2,51.8,57.7,42.0,48.0,53.0,41.8,55.7,67.3,41.8,55.4,67.3,44.1,56.4,67.3,51,75,98,5.8,7.4,8.9,967.9,969.6,971.6,1018.6,1020.7,1022.7,3.8,6.2,8.7,208,5.9,10.8,16.3,215,6.3,11.7,18.2,217,0.0,0,0,22,100,0,245.3,802.7,5886.2,20210911
14,255,55.4,62.0,70.7,54.0,58.9,64.7,52.3,57.0,61.7,54.8,62.1,73.5,54.6,61.8,70.5,55.8,62.2,73.5,63,85,100,8.7,10.4,12.2,965.1,966.4,967.8,1015.1,1016.9,1018.7,2.8,6.7,10.7,234,3.8,12.6,18.5,238,3.9,13.6,19.6,239,0.03,0,6,75,100,0,108.0,535.7,2591.5,20210912
14,256,51.9,61.2,70.9,52.2,57.2,62.3,49.0,54.4,59.4,52.9,62.1,74.3,52.9,61.5,70.3,52.6,62.1,74.3,53,81,98,7.7,9.4,11.2,965.5,967.7,969.1,1015.9,1018.3,1019.8,1.7,3.4,5.1,205,2.2,4.5,6.6,212,2.2,4.7,6.9,214,0.03,0,3,67,100,0,226.2,747.8,5430.0,20210913
14,257,58.7,69.2,80.6,60.7,66.1,70.7,60.5,64.6,69.3,61.2,70.3,81.7,61.2,69.2,79.5,61.2,70.3,81.7,61,87,98,11.7,13.6,16.1,960.2,962.0,964.9,1009.8,1011.9,1015.4,2.8,6.7,9.2,209,5.2,13.1,18.4,216,5.7,14.2,20.2,218,0.54,0,68,89,100,0,218.6,727.9,5246.5,20210914
14,258,51.0,59.4,67.3,47.9,55.1,62.6,44.7,51.4,62.2,52.3,59.5,64.6,52.3,59.5,64.6,51.2,59.4,64.6,49,77,99,6.5,8.6,12.5,960.7,964.3,967.2,1010.7,1014.9,1018.4,1.3,5.1,7.9,254,0.3,8.4,12.1,264,0.3,8.9,13.2,265,0.04,0,79,96,100,0,188.8,619.0,4531.6,20210915
14,259,45.6,55.0,64.5,44.6,49.9,54.4,42.6,45.2,48.4,46.2,55.1,64.0,46.2,55.3,64.0,46.3,55.0,64.0,50,71,90,6.0,6.6,7.5,967.2,969.2,972.3,1018.5,1020.3,1024.2,0.4,3.4,7.0,5,1.2,4.9,9.7,358,1.3,5.2,10.0,358,0.0,0,0,71,100,0,190.9,626.1,4581.0,20210916
14,260,43.3,55.1,66.7,42.3,49.1,55.0,40.6,43.4,45.8,44.8,55.3,66.5,44.8,55.3,66.5,44.0,55.1,66.5,41,67,88,5.5,6.2,6.8,972.6,976.1,978.5,1024.6,1027.6,1030.1,0.3,2.3,4.5,24,0.7,2.6,5.7,330,0.7,2.7,5.8,325,0.0,0,0,0,0,0,241.6,763.8,5796.9,20210917
14,261,49.3,61.1,74.1,47.8,55.7,62.7,44.7,51.7,57.2,51.1,62.1,76.5,51.1,61.6,73.9,50.0,61.9,76.5,46,74,91,6.4,8.5,10.3,977.9,978.8,980.1,1028.7,1030.1,1031.5,0.8,2.2,3.7,198,0.7,1.8,3.2,214,0.6,1.8,3.2,220,0.0,0,0,0,0,0,234.7,746.0,5631.9,20210918
14,262,53.6,64.3,77.4,53.0,59.3,65.7,52.0,56.2,60.9,54.3,65.4,78.5,55.7,64.7,77.4,54.3,65.4,78.5,47,77,93,8.5,10.0,11.9,972.9,975.4,977.7,1023.8,1026.3,1029.0,0.2,2.1,3.4,143,0.2,1.6,3.2,168,0.2,1.5,3.1,177,0.0,0,0,3,45,0,231.3,737.7,5550.6,20210919
14,263,54.6,64.9,76.8,54.2,59.7,65.4,53.0,56.5,60.5,55.9,65.9,78.2,56.4,65.4,76.8,55.9,65.9,78.2,48,77,92,8.9,10.1,11.8,968.6,970.3,972.6,1018.6,1020.8,1023.5,0.3,2.4,3.4,126,0.3,2.1,3.4,176,0.3,2.1,3.5,225,0.0,0,27,60,96,0,223.2,703.3,5357.7,20210920
14,264,56.3,65.0,76.4,55.9,60.3,65.9,55.1,57.4,62.1,57.0,66.2,78.1,58.0,65.3,76.3,57.0,66.2,78.1,51,78,94,9.6,10.5,12.5,963.1,966.5,969.1,1013.5,1016.9,1019.8,2.1,3.5,4.8,189,2.5,5.3,7.8,197,2.6,5.6,8.5,198,0.02,0,31,70,100,0,205.2,713.4,4926.1,20210921
14,265,53.6,62.5,72.0,54.7,60.8,65.6,54.6,59.9,63.3,54.2,62.8,74.3,54.1,62.1,70.5,55.0,62.9,74.3,77,92,99,9.5,11.6,13.1,953.3,956.7,962.6,1002.8,1006.7,1013.0,3.1,6.5,12.3,190,4.5,11.2,23.6,197,4.8,11.9,24.9,198,0.47,0,60,90,100,0,155.8,505.2,3739.7,20210922
14,266,43.8,53.0,59.5,44.6,50.3,54.3,43.2,48.0,54.2,43.9,50.6,55.6,43.9,50.5,54.6,46.1,53.0,57.3,70,83,99,6.2,7.5,9.4,955.1,958.4,963.0,1005.4,1009.1,1014.6,4.0,8.6,12.5,253,8.8,16.3,22.1,257,9.9,17.5,23.1,257,0.05,0,7,65,98,0,106.9,286.7,2566.6,20210923
15,251,53.8,67.3,79.7,53.1,61.5,65.3,52.1,57.9,62.9,53.3,68.1,80.0,53.3,67.2,79.7,53.9,68.2,80.0,44,75,98,8.5,10.7,12.7,970.8,972.6,974.8,1008.2,1010.2,1013.0,3.1,8.4,13.8,203,8.4,15.8,23.1,204,9.4,16.9,24.1,205,0.03,0,0,49,100,0,244.3,794.7,5620.7,20210908
15,252,59.1,62.7,68.9,56.9,61.7,63.9,55.4,61.1,63.5,59.2,62.7,65.7,59.1,62.8,65.7,59.2,62.7,65.7,85,95,99,9.7,11.9,12.9,969.7,970.4,971.3,1007.3,1008.1,1008.9,1.3,3.1,6.8,279,1.5,4.8,10.9,283,1.6,5.3,12.0,284,0.41,0,98,100,100,0,35.3,208.4,846.8,20210909
15,253,48.3,59.3,68.3,45.1,53.6,58.3,41.8,49.0,54.6,46.1,58.7,68.0,46.1,58.5,68.0,48.3,59.3,68.0,50,70,89,5.7,7.7,9.4,969.3,973.2,979.5,1007.2,1011.3,1018.4,4.8,8.0,13.0,306,9.1,14.6,21.0,309,9.7,15.7,21.7,310,0.01,0,0,34,100,0,231.7,756.2,5560.8,20210910
15,254,46.2,59.5,72.0,43.1,52.2,58.4,39.4,45.7,51.8,43.8,59.7,75.5,43.8,58.6,71.9,46.3,60.3,75.5,39,63,81,5.2,6.8,8.4,979.7,981.7,983.6,1018.7,1020.1,1021.9,4.4,7.0,9.7,249,7.1,12.5,17.0,252,8.2,13.8,18.5,253,0.0,0,0,8,91,0,252.2,804.3,6051.0,20210911
15,255,55.3,66.1,78.9,54.6,60.4,66.6,52.3,56.9,61.9,54.6,66.7,79.6,54.5,65.8,78.3,55.3,66.8,79.6,47,74,96,8.6,10.3,12.2,976.4,978.1,980.5,1013.9,1016.0,1018.8,4.6,9.8,14.9,256,8.5,17.3,24.4,258,9.8,18.5,25.4,258,0.0,0,3,41,100,0,219.2,764.1,5261.3,20210912
15,256,52.5,62.5,75.4,51.8,55.7,60.6,46.0,50.2,53.0,52.2,63.3,76.1,52.2,63.0,73.5,52.6,63.3,76.1,41,68,95,6.8,8.0,8.7,978.8,980.0,981.2,1016.8,1018.1,1019.5,1.5,3.6,6.2,284,0.9,5.5,9.6,286,1.1,5.9,10.1,286,0.0,0,0,39,95,0,234.3,736.6,5622.7,20210913
15,257,57.0,73.1,85.9,53.9,66.0,70.7,51.6,62.4,65.2,57.1,74.5,86.4,58.5,73.2,85.4,57.1,74.5,86.4,46,72,99,8.3,12.6,13.7,972.1,974.2,978.3,1009.4,1011.7,1016.5,2.1,8.6,12.1,233,5.3,14.7,21.1,231,6.0,15.8,22.6,231,0.15,0,12,82,100,0,222.2,714.1,5332.2,20210914
15,258,54.2,63.8,76.1,49.1,57.0,65.6,43.6,51.3,63.5,54.6,63.9,70.5,54.6,63.8,70.0,54.7,63.9,70.5,43,65,89,6.2,8.6,12.9,972.0,975.5,979.1,1009.5,1013.4,1017.6,3.6,7.8,11.8,281,6.1,13.3,19.0,284,6.8,14.3,19.8,285,0.0,0,100,100,100,0,149.3,437.7,3583.3,20210915
15,259,46.3,56.8,67.4,44.9,50.4,55.3,41.3,44.4,48.1,46.1,56.5,67.4,46.1,56.8,67.4,47.3,56.8,67.4,42,65,84,5.7,6.4,7.3,979.3,981.2,984.4,1017.8,1019.7,1023.6,1.1,3.5,6.6,340,2.1,5.7,10.6,350,2.1,6.2,11.2,352,0.0,0,0,76,100,0,135.9,569.7,3261.2,20210916
15,260,44.3,56.0,68.5,43.1,49.3,56.4,39.1,42.2,46.5,43.3,55.8,67.8,43.3,55.9,67.8,44.9,56.0,67.8,35,63,87,5.2,5.8,6.9,984.7,988.3,991.0,1024.0,1027.1,1030.2,2.2,3.5,6.0,314,1.1,4.7,8.5,322,1.0,4.9,8.8,324,0.0,0,0,0,0,0,242.4,766.7,5817.6,20210917
15,261,48.8,61.4,75.9,45.3,54.1,62.6,41.4,48.1,55.2,49.1,61.9,76.7,49.1,61.9,75.8,49.0,61.8,76.7,37,64,83,5.6,7.4,9.5,990.4,991.4,992.8,1028.5,1030.0,1031.4,0.4,2.3,3.0,222,0.5,2.8,4.5,223,0.4,2.9,4.8,223,0.0,0,0,0,0,0,235.8,749.6,5658.7,20210918
15,262,52.7,63.6,77.3,50.7,56.9,64.4,48.5,52.1,58.0,54.4,64.6,77.9,54.6,64.2,77.2,53.3,64.4,77.9,43,68,85,7.3,8.5,10.6,985.8,988.1,990.3,1024.0,1026.5,1029.0,0.1,2.2,4.3,150,0.1,2.4,5.0,147,0.3,2.5,5.1,146,0.0,0,0,1,8,0,233.0,742.9,5591.7,20210919
15,263,52.6,64.2,77.4,51.2,57.9,64.9,50.1,53.6,58.7,54.5,65.4,78.0,54.8,64.9,77.1,52.7,65.1,78.0,44,71,91,7.8,9.0,10.9,980.8,982.7,985.5,1018.4,1020.8,1024.0,0.9,2.5,4.3,30,1.7,3.1,4.8,50,1.8,3.2,4.9,53,0.0,0,10,51,100,0,228.3,733.9,5477.3,20210920
15,264,56.2,67.0,79.9,55.0,59.9,64.8,52.7,55.2,57.5,56.5,67.6,79.9,56.8,67.2,79.9,56.5,67.6,79.9,40,68,91,8.7,9.6,10.5,976.4,979.0,981.0,1014.4,1016.9,1019.2,2.0,4.3,7.1,231,2.5,7.3,13.6,226,2.5,7.9,14.9,226,0.02,0,6,57,100,0,211.8,714.3,5081.5,20210921
15,265,56.9,61.8,70.5,57.2,61.1,67.6,56.9,60.7,66.8,57.8,61.8,69.4,56.4,61.9,69.4,57.8,61.8,69.4,91,96,100,10.2,11.8,14.6,966.2,970.0,976.1,1003.4,1007.7,1014.2,1.7,5.4,13.9,221,3.6,9.6,24.4,220,4.0,10.3,25.9,219,0.26,0,66,91,100,0,61.5,268.3,1475.9,20210922
15,266,45.3,56.4,63.4,44.9,52.0,56.8,42.6,48.0,56.5,44.3,55.4,62.3,44.3,55.0,62.3,47.1,56.4,62.3,53,75,97,6.0,7.5,10.1,967.0,970.2,975.1,1005.0,1008.2,1013.9,4.6,9.1,15.6,263,8.6,16.4,26.6,266,9.8,17.5,27.7,266,0.0,0,1,14,71,0,221.8,724.5,5323.7,20210923
16,251,52.7,63.2,78.9,51.1,59.1,65.8,49.7,56.6,60.3,50.9,63.1,79.6,50.9,62.6,78.7,52.8,63.6,79.6,46,82,99,7.8,10.2,11.6,967.3,970.0,972.5,1003.9,1007.1,1010.2,2.7,7.5,13.5,176,4.2,12.3,23.2,184,5.1,13.2,24.2,185,0.95,0,12,76,100,0,209.8,677.1,4826.1,20210908
16,252,55.0,60.7,69.1,54.2,58.0,61.4,53.6,56.3,59.8,55.0,60.7,69.1,55.0,61.0,69.1,55.1,60.7,69.1,61,86,99,9.0,10.0,11.3,969.7,970.6,971.3,1006.7,1007.7,1008.5,0.9,3.4,5.7,198,2.0,5.7,8.8,206,2.3,6.0,9.6,208,0.02,0,97,100,100,0,136.1,480.4,3266.0,20210909
16,253,46.4,52.7,58.0,45.4,51.7,55.1,44.3,51.0,54.0,45.1,51.8,56.9,45.1,51.7,55.5,46.5,52.7,57.0,87,94,99,6.3,8.2,9.1,970.7,974.7,979.3,1008.1,1012.3,1017.4,3.1,4.8,8.2,270,5.0,8.6,15.2,285,5.4,9.3,15.8,287,0.09,0,6,81,100,0,117.2,526.7,2812.5,20210910
16,254,46.5,59.9,71.3,46.4,53.3,59.6,44.5,47.9,52.6,45.5,60.0,75.8,45.5,59.4,71.2,47.5,60.4,75.8,46,66,92,6.4,7.3,8.7,976.9,979.9,982.6,1014.2,1017.5,1020.5,3.5,7.3,11.0,213,5.0,12.5,19.5,216,5.2,13.3,20.9,217,0.0,0,3,69,100,0,222.5,763.3,5339.6,20210911
16,255,48.8,57.8,67.7,46.3,54.1,58.7,43.9,51.1,57.4,49.0,57.8,67.5,49.0,57.2,67.5,48.8,57.8,67.5,48,80,99,6.2,8.3,10.3,974.4,977.2,980.5,1011.7,1014.6,1018.6,0.4,6.5,11.6,241,1.4,12.6,18.2,246,1.4,13.6,19.1,248,0.06,0,0,53,100,0,111.8,654.5,2683.1,20210912
16,257,51.5,60.7,66.0,50.3,60.2,65.5,48.9,59.9,65.2,51.3,60.4,65.9,51.3,60.7,65.9,52.0,60.7,65.9,89,97,99,7.6,11.5,13.7,970.5,972.7,976.5,1007.3,1009.8,1014.6,0.3,3.8,7.3,211,0.4,6.5,13.1,213,0.6,7.2,14.4,214,0.98,0,100,100,100,0,29.6,130.6,711.4,20210914
16,258,48.6,55.4,65.4,44.9,51.9,63.2,40.4,48.5,62.8,47.9,54.6,63.8,47.9,54.2,63.8,49.0,55.4,63.8,55,79,97,5.4,7.7,12.6,970.4,976.5,980.2,1007.4,1014.1,1018.4,3.3,7.0,11.2,268,4.5,12.2,17.7,271,4.8,12.9,18.4,271,0.37,0,0,72,100,0,191.4,591.0,4593.3,20210915
16,259,43.7,52.2,61.0,42.3,47.4,51.9,39.7,42.5,45.6,44.7,52.5,61.0,44.7,52.5,61.0,44.6,52.2,61.0,51,70,83,5.3,5.9,6.7,980.4,982.8,985.5,1018.6,1020.9,1024.2,0.1,2.5,7.4,296,0.2,3.8,10.6,309,0.4,4.2,10.9,309,0.0,0,12,78,100,0,157.3,687.0,3775.0,20210916
16,260,42.5,53.6,64.0,41.0,47.9,53.8,38.7,42.1,45.8,42.7,53.3,63.7,42.7,53.4,63.7,42.9,53.6,63.7,48,66,85,5.1,5.8,6.7,985.9,989.1,990.9,1024.7,1027.3,1029.3,0.7,3.0,4.8,205,1.0,3.5,6.6,221,0.9,3.6,6.7,225,0.0,0,0,0,3,0,231.5,731.9,5557.4,20210917
16,261,51.5,62.6,74.6,47.0,55.8,64.4,42.1,50.6,59.3,50.6,63.2,76.8,50.6,62.6,74.1,51.7,63.4,76.8,48,66,77,5.8,8.1,11.0,990.3,991.3,992.5,1027.7,1029.1,1030.5,1.9,3.5,4.7,201,3.1,5.2,6.5,212,3.3,5.5,7.0,215,0.0,0,0,1,7,0,224.3,712.3,5384.0,20210918
16,262,56.0,66.1,78.7,52.5,59.9,67.7,49.5,55.9,63.5,56.3,67.0,79.3,57.3,66.3,78.4,56.3,67.0,79.3,48,71,88,7.6,9.8,12.8,985.7,988.1,990.2,1023.1,1025.7,1028.1,0.7,2.5,3.7,176,0.7,2.9,5.4,189,0.8,3.0,5.7,193,0.0,0,0,2,26,0,222.2,708.7,5332.4,20210919
16,263,58.0,66.0,76.2,55.7,61.0,66.4,53.6,58.0,62.4,58.7,67.2,78.2,59.6,66.3,76.2,58.7,67.2,78.2,55,77,91,8.9,10.6,12.4,981.0,983.1,985.6,1018.3,1020.5,1023.2,0.4,2.3,3.9,170,0.3,2.2,3.5,187,0.3,2.2,3.6,194,0.0,0,36,84,100,0,198.4,658.5,4761.2,20210920
16,264,58.6,68.1,78.9,57.1,61.7,67.0,55.8,57.9,62.1,59.2,68.9,79.5,60.4,68.3,78.7,59.2,68.9,79.5,47,71,89,9.7,10.6,12.3,974.5,978.3,981.3,1011.7,1015.4,1018.7,2.5,3.4,4.3,185,3.6,5.9,8.8,192,3.7,6.3,9.6,194,0.0,0,62,90,100,0,204.8,667.1,4915.3,20210921
16,265,53.5,63.3,72.1,54.2,60.3,64.3,53.8,58.5,61.0,54.0,64.3,75.0,53.6,62.9,70.4,54.8,64.4,75.0,71,85,97,9.2,10.9,11.9,964.0,967.9,974.3,1000.9,1004.9,1011.5,3.4,7.3,11.0,166,8.6,13.0,20.3,174,9.3,13.8,21.6,175,0.23,0,58,86,100,0,158.5,631.0,3803.5,20210922
16,266,44.2,51.3,59.8,44.6,50.2,53.0,44.2,49.4,52.6,42.8,48.9,52.6,42.8,48.9,52.6,45.1,51.3,53.7,84,93,98,6.3,7.8,8.8,965.6,968.9,973.9,1002.9,1006.4,1012.0,4.3,6.8,12.5,252,9.2,12.7,20.5,253,9.9,13.7,21.6,254,0.31,0,36,81,100,0,40.0,178.7,960.2,20210923
17,251,50.4,63.0,78.9,50.1,58.5,66.0,49.8,55.7,62.7,48.6,63.1,79.3,48.6,62.6,78.6,50.4,63.5,79.3,45,81,99,8.0,10.1,12.8,955.2,957.5,960.1,1005.4,1008.5,1011.9,1.7,7.6,14.3,189,5.2,12.5,23.2,193,5.8,13.4,24.4,194,0.37,0,5,72,100,0,221.3,683.8,5089.1,20210908
17,252,54.4,60.4,68.3,53.7,57.5,60.6,51.6,55.6,59.9,54.5,60.4,68.0,55.8,61.0,68.0,54.5,60.4,68.0,56,86,99,8.6,9.9,11.5,956.1,957.1,957.8,1006.8,1008.2,1008.9,1.5,2.9,4.3,219,2.6,4.6,6.9,228,2.7,4.9,7.5,229,0.13,0,100,100,100,0,101.1,366.5,2424.5,20210909
17,253,44.9,53.5,61.5,43.0,50.3,54.8,40.9,47.4,53.0,43.3,52.7,61.0,43.3,52.4,60.9,44.9,53.5,61.0,58,81,98,5.6,7.4,9.0,956.5,960.6,965.7,1007.9,1012.4,1018.5,2.4,5.8,11.3,302,3.8,9.6,18.1,308,4.0,10.2,18.9,309,0.02,0,0,44,100,0,142.9,653.2,3429.5,20210910
17,254,43.2,58.1,69.2,41.4,51.2,57.5,39.2,45.1,49.6,41.3,57.6,68.8,41.3,57.5,68.8,43.4,58.1,68.8,45,64,87,5.2,6.7,7.9,965.0,967.1,969.1,1016.7,1019.0,1021.4,3.1,7.3,11.0,222,4.2,11.8,19.0,228,4.4,12.5,20.2,229,0.0,0,0,36,100,0,230.7,791.1,5536.3,20210911
17,255,48.5,61.5,71.6,46.9,56.4,62.5,45.5,52.9,58.3,49.5,62.0,76.1,49.5,61.6,70.9,48.5,61.8,76.1,62,74,95,6.7,9.0,10.8,962.3,963.9,966.4,1013.4,1015.3,1018.8,1.5,7.1,12.4,243,2.0,12.2,17.8,250,2.2,13.1,18.9,251,0.0,0,0,55,100,0,141.1,655.0,3386.1,20210912
17,256,46.4,57.2,70.0,45.0,51.9,57.6,43.2,47.3,51.6,48.1,58.1,74.1,48.1,57.6,69.9,46.8,57.7,74.1,42,73,95,6.1,7.3,8.5,964.1,966.6,968.0,1016.0,1018.4,1020.3,0.2,2.1,5.2,291,0.8,3.2,7.7,283,0.7,3.4,8.0,281,0.01,0,0,49,100,0,232.6,747.2,5582.8,20210913
17,257,51.6,67.9,78.5,53.0,63.2,68.3,52.7,60.8,65.6,53.2,69.4,80.3,53.2,67.7,78.3,53.5,69.6,80.3,60,79,99,8.8,12.0,14.2,957.5,959.6,963.3,1008.1,1010.5,1015.1,3.6,9.1,12.4,225,5.8,15.6,22.1,229,6.5,16.7,23.7,229,0.54,0,77,97,100,0,175.7,625.2,4216.6,20210914
17,258,49.2,59.4,72.7,45.7,54.1,62.9,42.0,49.5,60.6,49.3,59.5,67.0,49.3,59.5,67.0,49.3,59.4,67.0,48,71,91,5.9,8.1,11.9,957.8,962.4,966.3,1008.6,1013.9,1018.6,0.3,5.2,10.7,285,0.8,9.4,19.4,285,1.0,10.0,20.8,285,0.05,0,92,98,100,0,200.8,629.5,4820.1,20210915
17,259,43.4,53.3,63.4,42.6,47.9,53.6,40.1,42.6,46.2,44.8,53.7,61.9,44.8,53.7,61.9,44.1,53.3,61.9,51,69,89,5.5,6.0,6.9,966.4,968.3,971.1,1018.8,1020.5,1024.2,0.7,3.4,8.1,321,0.9,5.4,13.0,327,0.9,5.7,13.5,328,0.0,0,1,64,100,0,179.9,545.0,4317.9,20210916
17,260,40.9,53.8,66.6,40.9,47.5,53.9,39.2,40.9,42.8,43.3,54.1,66.4,43.3,54.1,66.4,41.9,53.8,66.4,37,65,93,5.3,5.6,6.1,971.4,974.8,977.4,1024.5,1027.4,1030.2,0.5,2.5,5.0,295,1.4,3.2,6.8,299,1.6,3.4,7.0,300,0.0,0,0,0,0,0,237.6,750.6,5701.8,20210917
17,261,48.1,61.9,77.5,45.5,55.1,64.5,41.8,49.8,58.1,48.6,62.9,77.7,48.6,62.3,77.1,48.5,62.9,77.7,41,67,82,5.8,8.0,10.7,976.4,977.5,978.7,1027.9,1029.7,1031.2,1.0,2.2,3.6,195,1.3,2.4,4.4,207,1.3,2.5,4.6,208,0.0,0,0,0,0,0,229.6,727.9,5509.8,20210918
17,262,52.5,64.3,78.1,50.0,57.4,64.6,47.0,52.6,58.2,54.3,65.2,78.5,54.4,64.9,78.1,53.4,65.1,78.5,42,68,89,7.0,8.8,10.8,972.1,974.4,976.6,1023.5,1026.2,1028.9,1.5,2.8,4.2,174,1.7,3.1,4.9,169,1.7,3.3,5.1,169,0.0,0,0,4,36,0,228.4,726.9,5480.0,20210919
17,263,54.3,65.0,78.1,53.7,59.1,65.5,53.0,55.4,59.9,54.8,65.7,78.5,55.7,65.6,77.9,54.8,65.7,78.5,43,74,94,8.8,9.7,11.6,967.4,969.3,971.9,1018.2,1020.7,1023.8,0.3,1.9,3.1,165,0.4,1.9,3.1,136,0.4,1.9,3.2,133,0.0,0,34,63,83,0,214.7,694.5,5152.8,20210920
17,264,56.0,66.3,78.8,55.1,60.1,64.5,52.3,56.1,58.7,56.5,67.0,78.8,57.0,66.5,78.8,56.5,67.0,78.8,40,73,93,8.9,10.1,11.0,961.7,965.0,967.7,1013.0,1016.2,1019.3,1.6,3.5,5.7,187,1.5,4.8,7.8,192,1.6,5.1,8.4,193,0.01,0,12,75,100,0,203.6,700.9,4886.6,20210921
17,265,52.3,59.5,64.8,52.9,58.6,61.8,52.5,58.1,60.9,52.0,59.2,63.6,52.0,59.2,63.6,53.4,59.5,63.6,91,95,99,8.9,10.9,12.0,951.8,955.4,961.4,1002.4,1006.4,1012.7,3.0,5.8,11.5,174,4.8,9.4,19.5,179,5.1,10.0,20.8,180,0.32,0,52,95,100,0,48.5,135.1,1163.3,20210922
17,266,42.7,52.2,59.3,42.7,49.2,51.9,41.5,46.5,51.7,41.5,49.8,53.7,41.5,49.8,53.7,43.9,52.2,56.6,64,82,98,5.8,7.1,8.6,952.5,955.6,960.5,1003.9,1007.2,1013.2,4.3,7.7,13.9,243,8.2,14.6,22.7,251,9.2,15.7,23.5,252,0.04,0,8,41,69,0,171.3,529.7,4111.0,20210923
18,251,60.0,70.7,79.3,59.4,65.3,68.5,56.8,62.3,66.9,60.0,72.0,80.0,60.2,70.7,79.1,60.0,72.0,80.0,47,77,98,10.0,12.1,14.2,996.0,998.3,1000.2,1009.3,1011.7,1013.7,4.2,9.6,14.6,195,11.3,18.3,24.1,198,13.3,19.7,25.1,199,0.01,0,0,7,73,0,268.4,819.6,6173.7,20210908
18,252,61.4,67.4,72.1,60.5,66.8,70.5,60.0,66.5,70.0,61.5,67.8,76.4,61.5,67.4,71.9,61.5,67.8,76.4,94,97,99,11.1,14.0,15.8,993.6,994.7,996.1,1007.0,1008.1,1009.3,2.3,5.2,8.5,217,4.1,10.3,17.4,226,4.6,11.1,18.6,228,0.63,0,100,100,100,0,75.5,427.3,1812.6,20210909
18,253,52.2,62.8,73.0,49.6,56.8,60.6,47.3,52.0,59.4,51.1,63.7,76.0,51.1,62.6,72.8,52.2,63.9,76.0,43,71,96,6.9,8.4,10.9,994.4,998.7,1005.6,1007.9,1012.1,1019.4,4.2,8.0,12.2,305,10.9,15.9,20.2,311,12.7,17.2,21.3,312,0.0,0,0,14,100,0,256.8,813.2,6163.4,20210910
18,254,49.7,62.1,73.3,47.4,55.4,61.3,45.0,49.8,60.2,49.1,62.5,75.6,49.1,61.8,73.2,49.8,62.7,75.6,39,67,91,6.3,7.7,11.1,1006.0,1008.4,1009.9,1019.7,1022.0,1023.4,3.2,6.9,10.5,231,6.4,13.2,17.0,240,6.6,14.3,18.3,243,0.0,0,0,4,77,0,257.1,819.5,6169.8,20210911
18,255,61.2,71.4,82.6,62.0,65.3,68.3,58.6,61.8,63.8,63.2,72.6,83.1,63.2,71.4,82.6,63.2,72.6,83.1,46,74,97,10.7,11.8,12.7,1002.2,1004.6,1007.4,1015.5,1018.1,1021.0,3.3,9.2,13.6,233,8.5,17.4,22.5,239,9.8,18.6,23.4,239,0.0,0,2,39,100,0,240.3,781.7,5766.7,20210912
18,256,64.5,70.2,79.9,61.6,64.8,70.1,53.4,61.6,66.9,64.6,71.0,79.9,64.6,70.2,77.8,64.6,71.0,79.9,46,77,98,8.8,11.8,14.2,1003.7,1004.7,1005.7,1017.2,1018.1,1019.2,1.9,3.4,4.3,288,4.6,6.3,10.3,272,4.9,7.0,12.1,272,0.0,0,42,76,100,0,207.8,648.1,4988.9,20210913
18,257,64.5,73.7,85.4,64.7,68.4,71.9,63.8,65.9,68.4,65.0,76.0,87.2,65.0,73.7,85.0,65.0,76.0,87.2,51,79,98,12.7,13.7,15.0,998.7,1000.5,1003.2,1012.1,1013.9,1016.7,3.8,8.7,12.2,210,10.1,16.2,19.9,214,11.8,17.3,20.6,215,0.0,0,23,49,74,0,228.7,735.0,5489.2,20210914
18,258,59.7,67.5,76.2,53.7,62.1,67.9,48.0,58.5,66.7,60.2,68.0,78.7,60.7,67.5,76.1,60.2,68.0,78.7,60,74,97,7.1,10.8,14.1,998.2,1000.8,1003.8,1011.6,1014.2,1017.3,2.7,5.6,8.9,287,5.3,10.1,16.9,287,6.4,10.9,17.9,289,0.0,0,28,82,100,0,134.3,431.4,3222.7,20210915
18,259,52.0,59.0,67.0,51.1,54.4,57.5,47.5,50.8,54.6,52.7,59.0,64.8,52.7,59.4,64.8,53.5,59.0,64.8,60,75,91,7.0,7.9,9.0,1003.3,1005.5,1009.0,1016.8,1019.1,1022.8,0.5,3.2,6.2,44,1.6,6.8,10.4,43,1.7,7.4,10.8,44,0.04,0,31,90,100,0,104.2,364.3,2501.6,20210916
18,260,48.5,58.4,72.1,46.2,52.0,59.4,42.6,45.9,50.0,48.0,58.9,75.7,48.0,58.3,71.6,49.8,59.4,75.7,35,67,89,5.7,6.6,7.7,1009.5,1013.3,1016.4,1023.2,1027.1,1030.3,0.5,3.3,5.4,21,0.3,7.2,13.1,27,0.5,8.1,14.9,30,0.0,0,0,0,0,0,246.2,779.7,5909.6,20210917
18,261,48.7,59.9,74.7,48.1,54.3,61.9,46.7,49.9,54.2,49.5,60.8,76.4,49.5,60.8,74.4,49.0,60.6,76.4,41,73,94,6.7,7.6,8.9,1015.4,1016.5,1018.0,1029.1,1030.3,1031.7,1.1,2.0,2.7,101,2.2,3.3,4.8,111,2.3,3.5,5.2,111,0.0,0,0,0,0,0,239.2,761.1,5741.9,20210918
18,262,50.3,61.9,77.1,49.3,55.5,64.4,46.1,50.3,57.3,50.6,62.9,77.7,50.6,62.2,76.5,50.5,62.9,77.7,37,69,92,6.6,7.8,10.1,1009.6,1012.6,1015.3,1023.3,1026.2,1029.2,1.9,3.1,4.7,64,3.5,6.0,10.7,69,3.9,6.5,11.8,70,0.0,0,0,0,1,0,238.2,759.9,5716.5,20210919
18,263,51.7,63.3,78.0,47.7,56.2,64.7,43.7,50.5,58.7,50.3,63.9,78.0,50.3,63.1,77.8,51.8,64.2,78.0,39,65,86,6.0,7.9,10.6,1005.0,1006.9,1009.2,1018.4,1020.4,1023.0,0.6,3.9,7.0,31,2.0,8.3,12.8,38,2.2,9.1,14.4,40,0.0,0,2,48,100,0,229.5,752.8,5506.7,20210920
18,264,56.0,65.7,78.3,53.9,59.7,64.5,52.0,55.6,60.9,56.4,66.7,78.8,57.6,66.0,77.9,56.4,66.7,78.8,45,72,98,8.2,9.5,11.4,1000.8,1004.2,1006.0,1014.3,1017.7,1019.6,1.7,3.9,7.7,211,3.6,7.4,11.9,212,4.1,8.2,13.0,213,0.1,0,3,67,100,0,201.4,647.2,4833.6,20210921
18,265,60.5,68.8,78.6,61.2,66.0,69.6,60.8,64.6,67.2,61.8,70.0,80.8,61.8,68.8,78.3,61.8,70.0,80.8,64,87,100,11.5,13.2,14.3,991.9,994.7,1000.3,1005.1,1008.0,1013.8,3.3,7.9,11.8,197,7.6,14.8,20.9,200,8.3,15.8,22.4,201,0.14,0,32,68,100,0,205.5,699.4,4930.8,20210922
18,266,50.6,60.9,69.9,48.7,55.7,61.6,44.3,51.2,61.2,50.6,60.8,69.4,50.6,60.6,69.4,51.2,60.9,69.4,40,74,98,6.3,8.3,11.6,992.7,996.3,1001.4,1006.2,1009.8,1015.1,3.5,7.3,13.2,270,9.7,14.7,22.5,272,11.5,15.9,23.4,272,0.0,0,0,14,99,0,227.0,723.8,5448.5,20210923
19,251,54.9,58.7,62.2,53.0,55.4,57.0,50.9,53.0,54.5,51.5,57.1,61.7,51.5,56.5,61.7,55.0,58.7,61.7,69,82,90,8.2,8.8,9.4,970.2,973.5,978.1,999.7,1003.2,1008.0,12.9,16.4,19.1,299,21.1,26.3,30.1,300,21.9,27.2,31.2,300,0.23,0,2,79,100,0,129.0,540.0,2967.1,20210908
19,252,52.4,57.9,64.3,50.9,53.5,56.0,46.1,49.9,53.6,49.9,56.6,63.8,49.9,56.3,63.8,52.5,57.9,63.8,57,76,93,6.8,7.8,9.0,978.5,982.3,985.6,1008.5,1012.4,1015.9,6.3,9.9,13.3,333,12.1,15.9,20.5,334,13.1,16.6,21.2,335,0.08,0,0,44,100,0,218.2,714.6,5236.1,20210909
19,253,51.9,59.3,66.8,50.2,54.4,57.8,47.4,50.5,55.2,51.3,59.1,66.2,51.3,58.9,66.2,52.2,59.3,66.2,54,74,88,7.1,8.0,9.5,983.7,986.4,988.3,1013.7,1016.5,1018.4,2.7,6.0,9.4,249,4.6,10.2,18.5,250,4.7,10.8,20.0,250,0.0,0,3,68,100,0,214.6,699.9,5150.1,20210910
19,254,51.4,62.5,70.8,48.0,58.6,64.7,44.7,55.8,62.9,50.6,62.3,71.2,50.6,61.9,69.4,51.5,62.6,71.2,66,79,90,6.4,9.9,12.6,979.0,981.5,985.0,1008.6,1011.3,1015.4,4.1,13.8,22.8,246,8.1,22.9,35.1,246,9.1,23.9,36.4,247,0.04,0,0,59,100,0,96.5,472.6,2315.9,20210911
19,255,49.6,56.7,65.0,46.9,51.1,54.6,43.6,46.0,49.3,48.9,56.5,64.4,48.9,56.5,64.4,49.8,56.7,64.4,50,69,92,6.1,6.7,7.6,985.1,987.7,989.0,1015.5,1017.9,1019.3,0.7,4.9,8.5,311,1.7,7.3,11.9,314,2.2,7.7,12.8,314,0.0,0,0,43,100,0,225.1,728.8,5402.8,20210912
19,257,53.6,60.2,66.4,49.0,55.3,60.9,44.0,51.0,60.4,51.9,59.4,65.1,51.9,59.4,65.1,53.9,60.2,65.1,51,73,96,6.2,8.4,11.5,977.8,980.8,984.9,1007.6,1010.7,1015.1,6.6,11.6,16.7,305,12.5,18.4,25.4,305,13.3,19.1,26.3,305,0.03,0,1,54,100,0,193.3,680.4,4639.5,20210914
19,258,53.4,58.9,66.9,49.0,53.3,56.3,44.4,48.7,51.7,52.1,58.2,65.9,52.1,58.0,65.9,53.8,58.9,65.9,53,70,82,6.3,7.5,8.3,985.1,986.7,988.0,1015.3,1016.8,1018.2,5.4,8.2,13.1,262,10.9,14.2,19.9,263,11.3,14.9,20.5,264,0.03,0,0,61,100,0,194.9,615.1,4677.4,20210915
19,259,54.6,61.8,68.3,52.8,57.2,59.7,50.4,54.0,56.7,53.9,61.6,67.8,53.6,61.2,67.8,55.6,61.8,67.8,62,76,89,7.9,9.0,9.9,988.2,990.1,991.3,1018.4,1020.2,1021.5,5.9,9.1,12.3,240,14.4,16.3,17.7,241,15.6,17.4,19.5,242,0.0,0,0,11,38,0,220.6,671.8,5293.4,20210916
19,260,57.3,64.7,73.1,53.1,57.8,61.8,48.5,52.9,56.5,57.7,65.8,76.3,56.2,64.1,72.7,57.7,65.8,76.3,52,66,76,7.4,8.7,9.9,991.5,993.0,994.6,1021.7,1023.1,1024.8,8.1,12.1,16.4,227,17.9,22.0,26.2,227,19.9,23.4,27.2,227,0.0,0,0,0,0,0,219.1,669.0,5258.6,20210917
19,261,57.0,64.4,76.3,52.8,57.5,61.9,48.1,52.2,57.5,57.3,65.3,76.9,55.7,63.9,75.7,57.3,65.3,76.9,41,67,88,7.2,8.5,10.2,991.5,994.0,995.9,1021.6,1024.2,1026.2,3.4,7.9,11.2,211,7.3,15.2,18.0,212,7.8,16.6,20.3,213,0.0,0,0,0,0,0,218.9,671.5,5252.9,20210918
19,262,59.5,70.0,80.0,54.9,61.0,66.6,50.7,55.2,60.7,60.3,71.9,79.8,59.8,69.9,78.8,60.3,71.9,79.8,49,60,71,8.0,9.6,11.7,985.5,988.0,991.2,1015.2,1017.8,1021.3,8.8,11.2,14.8,200,18.8,20.5,24.1,202,20.0,21.9,25.3,203,0.0,0,0,18,100,0,209.6,647.8,5029.5,20210919
19,263,65.0,71.6,78.3,58.8,62.0,65.1,49.4,55.6,59.5,65.2,73.9,79.0,65.2,71.6,78.0,65.2,73.9,79.0,45,58,78,7.8,9.8,11.2,979.4,983.2,985.3,1009.0,1012.8,1015.1,8.8,12.2,14.8,201,17.1,21.7,25.7,204,18.8,23.0,27.0,204,0.0,0,31,74,100,0,147.1,447.2,3530.0,20210920
19,264,50.9,60.0,73.7,50.0,57.0,62.3,48.7,54.9,61.7,51.2,59.6,75.8,51.2,59.3,72.3,51.6,60.3,75.8,44,85,97,7.5,9.5,12.0,976.6,977.9,979.5,1006.7,1007.8,1009.0,2.8,8.4,17.0,279,5.4,14.3,29.4,274,5.8,15.0,30.8,273,0.75,0,69,97,100,0,15.0,55.8,361.0,20210921
19,265,48.4,50.8,54.2,45.4,49.2,51.3,42.0,47.8,50.7,43.1,47.6,51.8,43.1,47.6,51.8,48.7,50.8,52.7,77,90,96,5.8,7.3,8.1,973.4,974.9,977.4,1003.5,1005.1,1007.7,3.7,9.0,15.0,355,7.0,14.6,23.6,354,7.5,15.2,24.4,354,0.23,0,54,95,100,0,24.1,119.8,577.5,20210922
19,266,46.9,50.3,53.8,45.1,46.2,47.6,40.5,42.0,42.8,42.2,46.0,50.2,42.2,46.0,50.2,48.0,50.3,53.5,64,74,80,5.5,5.8,6.0,975.2,978.4,980.1,1005.4,1008.8,1010.4,8.0,11.2,14.6,271,14.9,17.8,22.7,270,15.4,18.4,23.4,270,0.03,0,36,86,100,0,90.2,271.6,2164.3,20210923
20,251,60.5,69.3,79.3,59.4,66.2,72.3,58.4,64.6,70.0,60.8,70.8,81.9,60.8,69.3,78.9,60.8,70.8,81.9,66,86,98,10.5,13.3,16.1,986.5,988.8,991.7,1007.2,1009.5,1012.6,2.9,7.8,12.2,199,3.2,14.0,18.5,201,3.5,15.2,19.9,202,0.43,0,0,29,100,0,240.4,777.0,5528.1,20210908
20,252,57.5,65.3,72.9,55.3,62.1,65.5,53.8,60.2,65.3,57.5,65.8,76.6,56.9,65.2,72.7,57.5,65.8,76.6,62,85,98,8.9,11.4,13.5,987.0,988.4,990.1,1007.8,1009.2,1011.1,2.1,4.1,6.8,302,3.5,6.8,11.4,311,3.7,7.4,12.8,313,0.12,0,0,88,100,0,112.7,621.4,2706.1,20210909
20,253,52.8,60.8,71.7,51.5,55.7,61.5,48.6,51.8,56.1,51.0,61.1,76.1,51.0,60.5,71.3,52.9,61.4,76.1,50,74,93,7.3,8.3,9.7,989.7,994.6,1000.0,1010.8,1015.7,1021.3,2.5,6.4,11.2,319,4.3,11.1,16.6,323,4.8,12.1,17.1,325,0.0,0,0,15,100,0,228.0,805.4,5471.4,20210910
20,254,51.9,62.2,72.7,49.6,57.5,64.9,47.6,54.3,61.6,52.3,63.4,76.5,52.3,62.5,72.6,51.9,63.3,76.5,57,76,91,7.0,9.1,11.8,1000.0,1001.3,1003.3,1021.3,1022.6,1024.5,0.5,4.8,9.9,217,1.1,8.1,14.5,219,1.2,8.9,14.9,219,0.0,0,0,9,95,0,246.8,794.1,5923.7,20210911
20,255,58.3,68.3,78.2,57.3,64.1,70.5,56.5,61.8,67.6,58.5,69.4,80.8,58.6,68.3,78.1,58.5,69.4,80.8,59,81,96,9.8,12.0,14.6,996.7,998.5,999.7,1017.5,1019.5,1020.9,4.1,6.8,12.4,237,8.6,12.0,19.0,240,9.7,13.2,19.7,241,0.0,0,6,43,100,0,218.8,774.4,5250.1,20210912
20,256,63.6,72.4,82.0,62.2,67.9,73.6,61.1,65.7,70.6,64.3,74.7,85.0,64.3,72.4,81.6,64.3,74.7,85.0,63,80,90,11.6,13.8,16.3,995.9,997.3,998.7,1016.7,1018.2,1019.6,2.8,5.0,8.3,240,5.1,8.4,12.0,243,5.7,9.1,12.4,244,0.0,0,7,28,57,0,231.8,734.9,5562.9,20210913
20,257,66.4,73.3,83.9,64.7,68.9,74.8,63.3,66.9,72.0,67.4,75.3,86.8,67.4,73.3,82.7,67.4,75.3,86.8,61,81,93,12.5,14.3,17.1,991.2,993.2,995.6,1012.0,1014.0,1016.5,3.2,5.4,8.2,218,7.0,9.7,12.8,224,8.2,10.7,14.7,226,0.03,0,24,67,100,0,201.8,615.2,4843.7,20210914
20,258,59.6,64.3,71.6,55.4,61.0,65.5,51.6,58.9,64.9,60.4,64.3,67.4,60.5,64.3,67.4,60.4,64.3,67.4,71,83,94,8.2,10.8,13.3,991.2,994.2,996.1,1012.0,1015.2,1017.2,0.7,3.9,6.2,349,1.3,8.0,11.2,354,1.4,9.1,12.5,355,0.01,0,98,100,100,0,62.5,205.2,1500.5,20210915
20,259,53.6,61.7,70.7,50.6,55.2,60.4,47.2,50.1,53.9,53.8,61.6,69.7,53.6,61.5,69.7,54.6,61.7,69.7,52,67,77,6.9,7.8,9.0,995.8,998.7,1002.4,1017.0,1019.9,1023.8,3.9,6.1,9.2,5,6.7,10.8,15.7,11,7.3,11.7,17.2,13,0.0,0,0,59,100,0,179.1,579.0,4298.4,20210916
20,260,51.1,61.3,72.8,48.6,55.2,62.3,45.4,50.6,55.5,50.6,62.0,76.3,50.6,61.3,72.4,51.9,62.3,76.3,52,69,85,6.4,7.9,9.4,1002.7,1005.9,1008.2,1024.2,1027.3,1029.7,1.4,3.1,4.9,14,1.6,4.7,9.6,18,1.6,5.2,11.2,20,0.0,0,0,0,0,0,238.2,759.7,5716.5,20210917
20,261,52.7,61.7,72.8,51.4,56.4,62.9,49.5,52.7,57.0,54.1,62.8,76.3,54.1,62.2,72.2,53.2,62.7,76.3,54,74,89,7.5,8.5,10.0,1007.4,1008.5,1010.1,1028.6,1029.9,1031.5,1.0,2.7,4.2,89,1.6,3.9,4.9,92,1.6,4.1,5.6,93,0.0,0,0,0,0,0,234.5,748.8,5626.8,20210918
20,262,52.6,62.0,73.9,51.2,56.3,63.9,48.0,52.1,58.2,53.0,62.8,76.7,53.0,62.2,73.2,53.2,62.9,76.7,53,71,88,7.1,8.4,10.5,1002.1,1004.7,1007.5,1023.4,1026.0,1029.0,0.4,3.4,6.6,77,1.3,5.3,9.0,80,1.6,5.7,9.2,81,0.0,0,0,27,84,0,232.3,745.2,5575.6,20210919
20,263,54.1,64.4,76.6,52.0,58.4,65.5,49.1,54.4,59.3,54.7,65.0,78.1,55.0,64.7,76.0,54.7,65.0,78.1,52,71,84,7.4,9.1,10.9,998.0,999.7,1001.9,1018.8,1020.9,1023.2,1.1,2.3,3.6,33,1.5,3.4,5.2,51,1.6,3.7,5.6,57,0.0,0,15,68,100,0,224.1,695.3,5378.1,20210920
20,264,58.5,65.8,73.1,56.6,61.9,66.7,54.5,59.4,65.7,59.4,67.0,76.6,60.2,66.0,72.6,59.4,67.0,76.6,59,81,99,9.1,11.1,13.7,990.5,995.7,998.5,1011.4,1016.7,1019.7,0.5,3.4,5.0,131,0.6,5.6,9.1,132,0.7,6.0,10.1,133,0.19,0,86,96,100,0,132.2,394.9,3173.1,20210921
20,265,56.3,66.5,76.3,56.5,63.9,67.4,55.9,62.6,65.9,57.2,67.3,78.7,56.7,66.4,76.3,57.3,67.3,78.7,63,88,100,9.7,12.4,13.8,984.8,987.0,989.9,1005.5,1007.8,1010.7,1.3,8.0,14.0,236,2.7,13.7,24.7,238,3.1,14.5,25.9,239,0.2,0,3,76,100,0,161.9,703.5,3886.6,20210922
20,266,50.8,57.5,63.6,48.5,52.8,55.7,45.7,48.8,54.9,49.4,56.7,63.6,49.4,56.5,63.6,51.5,57.5,63.6,56,74,95,6.6,7.5,9.3,987.0,991.5,994.9,1008.1,1012.6,1016.3,3.0,7.6,12.9,270,4.5,12.6,21.8,272,4.9,13.4,23.0,272,0.0,0,0,33,100,0,172.3,672.6,4134.8,20210923
