DATE_VALID_STD,SCRUB_STORE_NO,TIME_DIM_KEY,DOY_STD,AVG_TEMPERATURE_AIR_2M_F,AVG_TEMPERATURE_WETBULB_2M_F,AVG_TEMPERATURE_DEWPOINT_2M_F,AVG_TEMPERATURE_FEELSLIKE_2M_F,AVG_HUMIDITY_RELATIVE_2M_PCT,AVG_HUMIDITY_SPECIFIC_2M_GPKG,AVG_PRESSURE_2M_MB,AVG_PRESSURE_MEAN_SEA_LEVEL_MB,AVG_WIND_SPEED_10M_MPH,AVG_WIND_DIRECTION_10M_DEG,AVG_WIND_DIRECTION_80M_DEG,AVG_WIND_DIRECTION_100M_DEG,TOT_PRECIPITATION_IN,TOT_SNOWFALL_IN,AVG_CLOUD_COVER_TOT_PCT,AVG_RADIATION_SOLAR_TOTAL_WPM2,TOT_RADIATION_SOLAR_TOTAL_WPM2
2021-09-08,1,20210908,251,60.9,55.7,51.7,60.5,73,8.4,978.2,1006.6,10.3,299,302,303,0.0,0,25,206.8,4755.7
2021-09-09,1,20210909,252,58.7,53.5,49.2,58.2,73,7.6,985.0,1013.6,7.2,324,328,329,0.03,0,45,204.1,4899.1
2021-09-10,1,20210910,253,61.2,54.1,48.1,62.1,65,7.3,989.1,1017.7,6.2,210,212,212,0.0,0,27,228.8,5491.4
2021-09-11,1,20210911,254,68.2,61.8,57.8,69.3,72,10.5,984.9,1013.2,11.7,216,218,219,0.0,0,67,180.8,4339.6
2021-09-12,1,20210912,255,65.5,57.0,49.4,65.7,60,7.8,988.1,1016.6,7.0,51,55,56,0.0,0,74,185.6,4453.4
2021-09-13,1,20210913,256,67.2,61.7,58.3,68.2,75,10.9,984.4,1012.7,6.9,150,145,144,0.02,0,66,138.1,3316.0
2021-09-14,1,20210914,257,63.1,58.2,54.3,63.5,76,9.4,983.9,1012.4,8.1,306,310,311,0.19,0,46,226.0,5425.0
2021-09-15,1,20210915,258,59.8,53.3,47.6,60.9,67,7.1,989.6,1018.4,5.2,301,300,300,0.0,0,42,159.0,3814.3
2021-09-16,1,20210916,259,62.0,54.0,46.7,62.1,61,6.9,993.4,1022.2,5.5,231,233,234,0.0,0,0,230.8,5539.0
2021-09-17,1,20210917,260,64.3,55.9,49.0,64.1,60,7.5,996.6,1025.4,8.1,209,213,215,0.0,0,0,227.4,5455.7
2021-09-18,1,20210918,261,65.7,56.9,49.5,65.8,60,7.7,996.3,1025.0,8.0,176,182,184,0.0,0,0,227.7,5463.9
2021-09-19,1,20210919,262,69.2,60.1,53.7,70.1,61,9.0,991.1,1019.6,9.7,194,198,199,0.0,0,15,198.5,4763.3
2021-09-20,1,20210920,263,70.3,60.6,53.2,71.4,58,8.9,986.7,1015.1,10.2,202,205,206,0.0,0,71,160.7,3857.2
2021-09-21,1,20210921,264,62.8,60.0,58.1,62.6,86,10.7,980.6,1009.0,8.6,228,235,236,0.94,0,89,35.3,846.6
2021-09-22,1,20210922,265,51.9,50.0,48.4,48.0,88,7.4,978.6,1007.3,12.0,296,300,300,0.21,0,88,76.4,1833.3
2021-09-23,1,20210923,266,52.0,47.5,42.8,49.9,72,6.0,982.2,1011.2,8.4,245,247,248,0.03,0,62,157.0,3768.1
2021-09-08,2,20210908,251,67.6,61.9,58.5,68.2,76,10.9,971.2,1010.6,10.0,204,206,207,0.0,0,43,243.3,5596.6
2021-09-09,2,20210909,252,63.6,62.5,62.0,63.6,95,12.3,968.6,1008.1,3.6,253,258,259,0.22,0,100,47.7,1144.7
2021-09-10,2,20210910,253,59.1,54.1,50.3,58.3,73,8.1,971.6,1011.5,8.3,305,308,309,0.04,0,26,234.4,5627.1
2021-09-11,2,20210911,254,58.9,52.2,46.2,58.6,65,6.9,980.4,1020.7,7.3,244,248,250,0.0,0,4,254.6,6111.7
2021-09-12,2,20210912,255,66.6,61.4,58.3,67.4,77,10.8,976.8,1016.5,10.4,252,254,255,0.02,0,42,215.2,5165.3
2021-09-13,2,20210913,256,64.0,58.5,54.6,65.1,75,9.4,978.2,1018.1,3.5,276,277,278,0.0,0,53,214.8,5156.2
2021-09-14,2,20210914,257,73.0,66.8,63.5,74.6,75,13.0,973.0,1012.3,9.3,225,225,225,0.15,0,72,229.9,5516.9
2021-09-15,2,20210915,258,63.3,57.7,53.1,63.3,71,9.2,974.0,1013.8,7.0,274,278,280,0.0,0,100,115.1,2761.0
2021-09-16,2,20210916,259,57.4,51.0,45.0,57.2,65,6.5,979.2,1019.6,3.6,14,17,18,0.0,0,78,142.9,3428.8
2021-09-17,2,20210917,260,56.2,49.4,42.3,56.1,63,5.9,986.4,1027.1,3.2,332,338,339,0.0,0,0,244.1,5856.9
2021-09-18,2,20210918,261,60.7,53.7,47.8,61.4,65,7.2,989.5,1030.1,2.2,197,203,204,0.0,0,0,237.4,5696.3
2021-09-19,2,20210919,262,63.1,56.1,50.9,64.3,67,8.2,986.2,1026.5,2.1,127,128,128,0.0,0,0,234.4,5626.3
2021-09-20,2,20210920,263,63.7,56.9,52.1,64.7,68,8.6,980.8,1020.8,2.9,49,52,53,0.0,0,55,231.1,5547.1
2021-09-21,2,20210921,264,65.9,59.3,54.9,66.6,70,9.5,977.4,1017.2,5.0,233,231,231,0.02,0,58,212.2,5091.5
2021-09-22,2,20210922,265,63.1,62.0,61.5,64.2,95,12.1,968.2,1007.7,6.7,214,215,214,0.33,0,85,106.5,2555.7
2021-09-23,2,20210923,266,56.8,53.0,49.7,55.8,79,8.0,968.8,1008.7,9.2,266,267,268,0.03,0,35,218.3,5239.8
2021-09-08,3,20210908,251,69.6,64.2,61.1,70.7,77,11.7,998.2,1010.5,8.1,188,194,195,0.09,0,46,229.8,5286.0
2021-09-09,3,20210909,252,65.5,63.7,62.6,65.7,91,12.3,995.8,1008.1,2.3,302,294,292,0.16,0,100,59.8,1434.1
2021-09-10,3,20210910,253,61.9,55.4,50.2,62.6,68,7.8,999.9,1012.2,6.8,307,309,310,0.0,0,22,241.1,5785.9
2021-09-11,3,20210911,254,60.9,54.4,48.8,61.5,68,7.4,1008.7,1021.2,4.7,223,231,232,0.0,0,7,253.3,6078.6
2021-09-12,3,20210912,255,69.9,63.5,59.9,70.5,74,11.1,1004.7,1017.1,7.2,233,242,243,0.0,0,45,220.2,5284.4
2021-09-13,3,20210913,256,67.9,62.0,58.1,68.8,73,10.5,1005.6,1018.0,2.8,264,267,268,0.0,0,59,202.2,4851.5
2021-09-14,3,20210914,257,75.3,68.1,64.2,76.6,73,13.0,1000.3,1012.5,7.4,206,212,212,0.07,0,64,230.2,5525.5
2021-09-15,3,20210915,258,65.2,59.5,55.0,66.2,72,9.6,1001.9,1014.2,4.7,302,300,300,0.15,0,100,131.7,3161.3
2021-09-16,3,20210916,259,60.3,53.8,48.1,60.6,66,7.1,1006.9,1019.4,3.8,6,10,12,0.0,0,79,159.1,3819.3
2021-09-17,3,20210917,260,58.4,52.1,46.2,59.0,68,6.6,1014.6,1027.2,2.6,27,20,20,0.0,0,0,242.8,5827.0
2021-09-18,3,20210918,261,60.8,54.7,50.0,61.4,71,7.6,1017.6,1030.2,1.0,103,159,164,0.0,0,0,236.7,5680.8
2021-09-19,3,20210919,262,63.8,57.6,53.2,64.8,72,8.6,1013.8,1026.3,1.3,29,59,65,0.0,0,0,234.3,5622.1
2021-09-20,3,20210920,263,65.0,58.8,54.6,65.7,72,9.2,1008.2,1020.6,2.3,15,28,30,0.0,0,43,230.0,5520.0
2021-09-21,3,20210921,264,66.2,60.1,56.1,66.7,74,9.7,1004.9,1017.3,3.4,178,192,194,0.06,0,64,203.4,4882.0
2021-09-22,3,20210922,265,65.8,63.6,62.5,66.5,90,12.2,995.2,1007.5,4.6,216,218,217,0.26,0,79,143.4,3440.9
2021-09-23,3,20210923,266,59.4,54.6,50.5,59.4,76,8.0,997.1,1009.4,5.8,267,271,271,0.03,0,33,198.4,4761.1
2021-09-08,4,20210908,251,66.7,62.1,59.5,67.8,80,11.4,962.0,1009.9,8.8,192,197,198,0.22,0,40,250.5,5760.7
2021-09-09,4,20210909,252,61.0,59.3,58.1,61.1,91,10.8,960.7,1008.7,3.0,319,324,324,0.48,0,99,85.5,2053.0
2021-09-10,4,20210910,253,55.5,51.8,48.6,54.9,80,7.6,964.8,1013.5,7.2,302,308,309,0.0,0,51,181.6,4358.8
2021-09-11,4,20210911,254,58.5,52.7,48.0,58.4,71,7.4,972.4,1021.3,6.6,222,225,226,0.0,0,11,250.6,6013.9
2021-09-12,4,20210912,255,65.1,60.9,58.3,65.9,80,10.9,969.2,1017.4,7.4,252,252,253,0.04,0,57,198.1,4754.3
2021-09-13,4,20210913,256,62.3,58.5,56.0,63.7,82,10.0,970.0,1018.4,2.6,321,301,300,0.0,0,66,179.4,4305.6
2021-09-14,4,20210914,257,71.2,66.6,64.4,72.0,81,13.5,964.9,1012.6,7.9,216,219,219,0.29,0,80,228.6,5487.0
2021-09-15,4,20210915,258,59.4,55.4,52.1,59.4,78,8.8,966.7,1015.1,6.2,307,309,309,0.1,0,100,146.9,3525.9
2021-09-16,4,20210916,259,56.1,50.6,45.5,56.0,70,6.7,971.2,1020.1,4.1,350,352,352,0.0,0,71,183.1,4395.0
2021-09-17,4,20210917,260,55.4,49.7,44.3,55.8,69,6.4,978.2,1027.6,3.4,345,346,345,0.0,0,0,244.2,5859.8
2021-09-18,4,20210918,261,60.8,54.9,50.4,61.8,71,8.1,981.0,1030.1,1.8,120,141,159,0.0,0,0,237.1,5690.0
2021-09-19,4,20210919,262,63.3,56.6,51.8,64.3,69,8.5,977.6,1026.4,1.9,115,126,128,0.0,0,2,235.4,5648.8
2021-09-20,4,20210920,263,64.4,58.7,54.9,65.4,74,9.6,972.5,1020.9,2.4,364,361,357,0.0,0,64,230.1,5522.7
2021-09-21,4,20210921,264,64.5,59.4,56.2,65.8,77,10.0,969.0,1017.2,3.5,189,195,196,0.08,0,70,202.2,4853.3
2021-09-22,4,20210922,265,62.4,61.2,60.5,62.4,94,11.8,959.4,1007.2,6.9,199,204,204,0.34,0,94,145.5,3493.6
2021-09-23,4,20210923,266,54.0,51.4,49.3,53.0,85,7.8,961.3,1009.8,6.7,266,269,270,0.09,0,61,132.4,3177.4
2021-09-08,5,20210908,251,61.8,56.7,53.1,62.1,75,8.9,976.5,1006.7,11.0,281,287,289,0.02,0,7,252.2,5800.0
2021-09-09,5,20210909,252,57.9,53.6,50.4,57.0,77,8.0,982.8,1013.4,7.6,311,319,321,0.05,0,31,216.6,5197.5
2021-09-10,5,20210910,253,59.6,53.5,48.5,59.9,69,7.4,987.7,1018.4,5.8,247,241,242,0.0,0,14,245.6,5893.6
2021-09-11,5,20210911,254,68.5,61.2,56.8,69.7,67,10.2,984.4,1014.7,14.8,213,215,216,0.0,0,65,206.1,4947.5
2021-09-12,5,20210912,255,67.9,63.8,61.5,68.9,81,12.0,985.9,1016.2,6.9,58,67,70,0.05,0,85,170.2,4085.2
2021-09-13,5,20210913,256,70.2,65.4,63.0,71.5,80,12.7,983.1,1013.3,9.8,198,196,196,0.25,0,79,163.7,3929.9
2021-09-14,5,20210914,257,65.5,60.8,57.4,66.4,77,10.6,981.7,1011.9,10.8,278,282,282,0.6,0,64,200.1,4803.3
2021-09-15,5,20210915,258,59.1,53.3,48.4,58.7,70,7.4,987.9,1018.6,3.3,314,325,327,0.0,0,49,179.8,4316.5
2021-09-16,5,20210916,259,61.6,54.4,48.6,62.2,65,7.4,992.0,1022.7,4.2,241,241,242,0.0,0,0,233.8,5610.2
2021-09-17,5,20210917,260,63.8,55.7,49.3,63.6,61,7.6,995.5,1026.3,6.8,204,206,206,0.0,0,0,231.5,5556.4
2021-09-18,5,20210918,261,64.9,56.8,50.5,64.7,61,8.0,995.3,1026.0,7.4,178,181,183,0.0,0,0,230.2,5525.1
2021-09-19,5,20210919,262,68.2,60.4,55.3,69.7,65,9.6,990.5,1020.9,8.1,189,194,196,0.0,0,2,222.0,5326.4
2021-09-20,5,20210920,263,69.6,61.5,56.3,70.8,64,9.9,986.2,1016.5,9.0,196,200,201,0.0,0,37,206.1,4947.7
2021-09-21,5,20210921,264,64.0,59.9,57.2,64.5,80,10.3,979.8,1010.0,10.5,217,221,222,0.8,0,77,78.9,1892.3
2021-09-22,5,20210922,265,53.8,50.7,47.8,49.9,81,7.4,976.4,1007.0,13.8,286,288,288,0.14,0,82,119.1,2857.6
2021-09-23,5,20210923,266,52.7,48.4,44.2,50.2,74,6.3,981.0,1011.8,8.4,258,260,260,0.0,0,64,134.9,3237.3
2021-09-08,6,20210908,251,63.3,59.0,56.4,64.0,81,10.3,963.5,1008.3,6.4,179,186,187,0.5,0,68,203.1,4672.1
2021-09-09,6,20210909,252,60.6,57.8,56.0,60.6,86,10.0,963.1,1008.0,2.8,212,214,215,0.12,0,100,99.7,2391.5
2021-09-10,6,20210910,253,53.7,50.6,48.0,53.4,82,7.5,966.6,1012.2,5.2,303,305,305,0.02,0,57,136.9,3284.9
2021-09-11,6,20210911,254,57.7,51.2,45.5,57.6,67,6.7,973.0,1018.7,6.6,213,220,221,0.0,0,33,233.3,5597.8
2021-09-12,6,20210912,255,60.1,55.2,51.7,60.1,74,8.6,969.8,1015.1,6.1,239,244,246,0.0,0,59,91.3,2191.6
2021-09-14,6,20210914,257,66.2,62.8,61.0,68.1,85,12.1,965.5,1010.3,7.5,221,222,223,0.62,0,98,164.3,3942.8
2021-09-15,6,20210915,258,57.8,53.1,48.8,57.9,75,7.9,968.5,1013.9,5.4,286,287,287,0.15,0,94,208.0,4992.3
2021-09-16,6,20210916,259,52.5,47.7,43.1,53.0,72,6.1,974.6,1020.7,3.1,335,327,327,0.0,0,67,169.2,4062.6
2021-09-17,6,20210917,260,53.0,47.2,41.1,53.2,68,5.6,981.2,1027.5,1.8,297,293,293,0.0,0,0,236.0,5663.0
2021-09-18,6,20210918,261,60.5,54.1,49.1,61.3,69,7.8,983.7,1029.7,2.0,189,197,199,0.0,0,0,228.3,5478.5
2021-09-19,6,20210919,262,63.8,57.9,54.0,64.9,73,9.2,980.6,1026.1,2.1,171,176,177,0.0,0,2,226.4,5434.2
2021-09-20,6,20210920,263,64.6,59.1,55.7,65.3,76,9.8,975.4,1020.7,1.2,99,190,196,0.0,0,60,212.2,5091.7
2021-09-21,6,20210921,264,65.5,59.6,55.8,66.3,74,9.9,971.1,1016.1,3.2,172,180,181,0.0,0,73,205.2,4924.2
2021-09-22,6,20210922,265,59.7,58.7,58.1,59.7,95,10.8,961.5,1006.3,5.3,170,179,180,0.33,0,97,47.8,1148.6
2021-09-23,6,20210923,266,52.1,49.5,47.2,50.4,85,7.3,961.5,1007.0,6.9,242,244,246,0.09,0,50,142.5,3420.5
2021-09-08,7,20210908,251,67.8,62.8,60.0,68.8,78,11.5,967.9,1010.4,9.1,201,203,204,0.06,0,49,225.1,5176.7
2021-09-09,7,20210909,252,63.1,61.0,59.8,63.1,89,11.5,965.7,1008.3,4.0,304,309,310,0.16,0,100,63.0,1511.5
2021-09-10,7,20210910,253,58.2,53.1,48.9,57.3,73,7.7,969.7,1012.9,9.6,303,308,308,0.0,0,15,250.7,6015.4
2021-09-11,7,20210911,254,59.5,53.3,48.0,59.2,69,7.4,977.9,1021.5,7.0,247,248,249,0.0,0,6,255.2,6123.6
2021-09-12,7,20210912,255,68.4,62.2,58.5,69.4,72,10.9,974.5,1017.4,9.7,251,255,255,0.0,0,62,220.7,5295.6
2021-09-13,7,20210913,256,65.4,60.3,56.7,65.9,75,10.3,975.3,1018.3,4.1,281,286,286,0.0,0,71,167.1,4009.2
2021-09-14,7,20210914,257,73.1,66.8,63.6,74.2,75,13.1,970.4,1012.9,8.3,229,229,229,0.01,0,69,234.5,5626.9
2021-09-15,7,20210915,258,61.8,57.0,53.1,61.8,74,9.2,971.6,1014.6,7.4,302,305,305,0.03,0,100,116.7,2800.0
2021-09-16,7,20210916,259,57.8,51.4,45.4,57.2,65,6.7,976.2,1019.7,5.0,354,362,364,0.0,0,71,168.7,4047.7
2021-09-17,7,20210917,260,57.5,50.9,44.6,57.3,65,6.4,983.4,1027.2,3.1,333,344,346,0.0,0,0,244.6,5871.5
2021-09-18,7,20210918,261,60.2,53.3,47.5,61.3,65,7.2,986.5,1030.2,2.6,76,93,96,0.0,0,0,239.1,5738.0
2021-09-19,7,20210919,262,62.8,55.8,50.6,64.2,67,8.1,983.0,1026.4,2.5,60,83,87,0.0,0,1,236.8,5683.0
2021-09-20,7,20210920,263,64.3,57.8,53.2,65.4,69,8.9,977.7,1020.8,3.1,33,48,51,0.0,0,47,232.2,5571.9
2021-09-21,7,20210921,264,65.5,59.4,55.3,66.3,73,9.7,974.4,1017.4,4.0,210,205,205,0.1,0,71,205.9,4940.4
2021-09-22,7,20210922,265,63.3,61.5,60.6,63.7,92,11.8,964.8,1007.5,6.5,222,222,221,0.23,0,92,128.5,3084.3
2021-09-23,7,20210923,266,56.3,52.1,48.4,55.3,77,7.6,966.5,1009.6,8.2,275,275,275,0.0,0,29,214.8,5153.8
2021-09-08,8,20210908,251,61.0,55.6,51.6,60.6,71,8.4,977.6,1005.6,12.4,306,307,308,0.07,0,37,197.0,4530.9
2021-09-09,8,20210909,252,59.1,53.6,49.2,58.7,70,7.6,985.2,1013.4,7.9,336,338,339,0.0,0,21,239.0,5736.0
2021-09-10,8,20210910,253,60.1,54.3,49.7,60.9,70,7.8,988.7,1017.0,6.7,200,203,204,0.0,0,53,230.5,5531.0
2021-09-11,8,20210911,254,67.3,62.6,59.9,68.9,78,11.3,984.1,1012.1,12.1,217,218,219,0.01,0,69,159.4,3825.7
2021-09-12,8,20210912,255,59.1,52.4,46.2,58.7,65,6.8,989.3,1017.7,5.8,32,39,39,0.0,0,78,196.3,4711.3
2021-09-13,8,20210913,256,60.8,57.1,54.0,60.7,80,9.6,985.1,1013.3,4.8,135,126,126,0.54,0,83,106.2,2548.5
2021-09-14,8,20210914,257,61.8,56.8,52.9,61.6,74,8.9,983.8,1011.9,8.5,306,309,309,0.0,0,53,215.0,5159.4
2021-09-15,8,20210915,258,57.9,53.1,49.3,57.3,74,7.6,989.6,1018.0,5.4,245,246,247,0.0,0,54,177.3,4254.2
2021-09-16,8,20210916,259,61.2,55.3,50.8,61.9,71,8.0,993.0,1021.4,7.6,219,224,226,0.0,0,1,226.3,5430.9
2021-09-17,8,20210917,260,63.0,56.6,51.8,63.8,69,8.4,995.9,1024.3,9.2,201,206,208,0.0,0,0,223.4,5361.9
2021-09-18,8,20210918,261,64.4,57.1,51.7,64.2,66,8.3,995.9,1024.3,8.6,185,190,192,0.0,0,0,223.3,5358.0
2021-09-19,8,20210919,262,70.3,61.2,55.3,72.2,60,9.6,990.1,1018.2,12.4,186,189,190,0.0,0,22,212.8,5107.5
2021-09-20,8,20210920,263,71.3,61.9,55.2,72.8,59,9.6,985.6,1013.5,12.4,189,193,194,0.0,0,78,162.5,3899.6
2021-09-21,8,20210921,264,61.6,59.3,57.8,61.8,89,10.5,980.2,1008.3,8.7,223,230,231,0.33,0,97,19.3,463.7
2021-09-22,8,20210922,265,52.1,50.6,49.3,47.8,90,7.7,977.7,1006.1,12.8,312,314,314,0.42,0,99,23.9,574.3
2021-09-23,8,20210923,266,51.4,46.4,40.9,47.6,68,5.6,981.4,1010.0,10.4,248,245,245,0.06,0,70,141.7,3399.9
2021-09-08,9,20210908,251,67.6,62.6,59.6,68.7,79,11.2,985.4,1010.3,8.6,190,194,194,0.11,0,53,231.5,5324.0
2021-09-09,9,20210909,252,64.2,62.7,61.8,64.2,92,12.1,983.3,1008.1,2.3,275,287,287,0.22,0,100,51.0,1223.8
2021-09-10,9,20210910,253,59.2,54.2,50.2,59.3,73,7.9,986.8,1012.0,5.9,307,311,312,0.03,0,31,211.8,5082.6
2021-09-11,9,20210911,254,58.9,52.8,47.4,59.5,70,7.1,995.4,1020.8,5.1,225,230,231,0.0,0,6,253.4,6081.4
2021-09-12,9,20210912,255,66.8,61.6,58.6,67.2,78,10.7,991.7,1016.8,7.6,245,246,247,0.01,0,49,217.9,5229.5
2021-09-13,9,20210913,256,64.7,59.7,56.2,65.2,77,9.8,992.9,1018.0,2.9,282,276,275,0.0,0,57,201.1,4826.3
2021-09-14,9,20210914,257,72.4,67.2,64.6,73.7,80,13.3,987.4,1012.2,6.6,209,211,211,0.22,0,71,218.0,5230.7
2021-09-15,9,20210915,258,63.1,57.9,53.8,63.0,74,9.3,989.1,1014.1,5.1,282,286,287,0.02,0,99,129.4,3106.6
2021-09-16,9,20210916,259,58.3,52.3,47.0,58.0,68,7.0,994.3,1019.7,3.5,7,8,9,0.0,0,76,153.2,3676.9
2021-09-17,9,20210917,260,56.8,50.7,44.8,56.7,68,6.3,1001.6,1027.2,2.5,23,13,12,0.0,0,0,242.3,5815.2
2021-09-18,9,20210918,261,60.4,54.3,49.4,61.2,71,7.6,1004.6,1030.2,1.5,233,225,226,0.0,0,0,236.3,5672.0
2021-09-19,9,20210919,262,63.4,57.4,53.2,64.1,73,8.8,1001.0,1026.4,1.2,322,190,185,0.0,0,1,233.3,5598.8
2021-09-20,9,20210920,263,64.6,58.7,54.8,65.4,74,9.3,995.5,1020.7,2.1,18,24,26,0.0,0,62,229.6,5509.2
2021-09-21,9,20210921,264,65.4,59.7,56.2,66.1,75,9.8,992.1,1017.2,3.7,186,194,195,0.02,0,64,212.2,5090.6
2021-09-22,9,20210922,265,64.0,62.4,61.5,64.9,93,12.0,982.5,1007.4,4.9,208,210,210,0.29,0,82,124.1,2979.3
2021-09-23,9,20210923,266,56.6,53.0,50.1,56.1,80,7.9,984.0,1009.1,6.5,264,267,267,0.06,0,31,184.5,4427.3
2021-09-08,10,20210908,251,69.6,64.9,62.3,70.8,80,12.3,986.4,1010.3,8.7,190,195,196,0.24,0,38,219.7,5053.4
2021-09-09,10,20210909,252,64.3,62.8,62.0,64.4,92,12.1,984.4,1008.4,3.0,300,303,302,0.14,0,100,70.1,1681.6
2021-09-10,10,20210910,253,60.2,55.0,50.7,60.6,74,8.1,989.4,1013.7,6.3,316,318,319,0.0,0,15,248.5,5963.4
2021-09-11,10,20210911,254,60.7,54.5,49.4,61.7,70,7.6,997.5,1022.0,4.8,233,235,236,0.0,0,4,256.6,6159.5
2021-09-12,10,20210912,255,69.0,63.3,60.0,69.7,76,11.3,994.1,1018.3,7.3,238,240,240,0.0,0,42,239.0,5735.2
2021-09-13,10,20210913,256,69.8,66.5,64.9,70.9,86,13.4,993.9,1018.0,3.2,296,289,289,0.26,0,70,210.4,5048.7
2021-09-14,10,20210914,257,74.1,68.3,65.3,75.3,78,13.6,989.3,1013.2,6.3,211,216,218,0.02,0,61,228.2,5477.0
2021-09-15,10,20210915,258,64.2,60.5,57.8,64.2,81,10.6,990.4,1014.6,4.1,347,344,342,0.04,0,94,94.0,2255.4
2021-09-16,10,20210916,259,59.6,53.1,47.3,59.4,66,7.0,995.1,1019.5,4.9,360,6,7,0.0,0,71,180.5,4330.0
2021-09-17,10,20210917,260,58.3,52.6,47.6,58.9,71,7.0,1002.6,1027.4,3.6,355,359,360,0.0,0,0,245.0,5879.5
2021-09-18,10,20210918,261,60.6,54.5,49.7,61.5,70,7.6,1005.5,1030.2,2.0,94,99,100,0.0,0,0,239.7,5752.0
2021-09-19,10,20210919,262,62.8,56.5,51.7,64.0,70,8.3,1001.6,1026.2,2.4,81,83,83,0.0,0,2,237.3,5694.2
2021-09-20,10,20210920,263,65.1,59.2,55.2,65.9,73,9.5,996.3,1020.6,2.4,6,11,12,0.0,0,50,227.7,5465.4
2021-09-21,10,20210921,264,65.8,60.5,57.0,66.7,77,10.1,993.2,1017.4,3.7,179,182,183,0.1,0,79,191.8,4601.4
2021-09-22,10,20210922,265,66.6,64.0,62.6,67.3,89,12.4,983.5,1007.4,6.4,213,214,214,0.16,0,82,130.7,3137.8
2021-09-23,10,20210923,266,57.8,53.2,49.2,57.4,76,7.7,986.4,1010.7,6.9,268,270,271,0.0,0,15,215.1,5160.8
2021-09-08,11,20210908,251,60.0,55.4,52.0,59.1,77,8.5,976.8,1005.7,11.3,283,288,290,0.0,0,25,218.2,5019.4
2021-09-09,11,20210909,252,58.0,52.7,48.3,56.5,73,7.4,983.8,1012.9,8.7,322,328,329,0.0,0,30,185.7,4457.8
2021-09-10,11,20210910,253,60.0,53.5,47.9,59.9,68,7.2,988.6,1017.8,5.8,274,277,277,0.0,0,40,224.2,5381.6
2021-09-11,11,20210911,254,68.1,60.3,55.3,68.7,65,9.6,984.6,1013.4,13.3,231,232,232,0.0,0,76,184.2,4420.8
2021-09-12,11,20210912,255,64.4,55.9,48.0,64.6,59,7.4,987.9,1017.0,5.2,47,48,49,0.0,0,85,193.5,4643.7
2021-09-13,11,20210913,256,66.3,61.3,58.2,67.2,76,10.9,984.6,1013.4,8.5,180,171,173,0.03,0,71,143.2,3438.2
2021-09-14,11,20210914,257,63.6,58.7,54.6,63.7,76,9.6,982.8,1011.7,9.9,291,294,295,0.08,0,50,211.5,5075.7
2021-09-15,11,20210915,258,58.3,51.8,45.8,57.5,66,6.7,988.9,1018.2,5.7,308,312,313,0.0,0,45,158.2,3797.5
2021-09-16,11,20210916,259,62.3,53.6,45.6,61.8,58,6.6,992.8,1022.0,6.7,259,259,259,0.0,0,1,230.1,5521.1
2021-09-17,11,20210917,260,64.7,56.2,49.2,64.6,61,7.6,996.3,1025.6,8.4,227,228,228,0.0,0,0,226.6,5438.1
2021-09-18,11,20210918,261,65.1,56.6,49.7,65.3,60,7.7,996.5,1025.8,8.5,187,189,190,0.0,0,0,226.7,5440.0
2021-09-19,11,20210919,262,69.5,60.4,54.3,69.9,62,9.2,991.2,1020.2,9.0,195,199,200,0.0,0,17,215.1,5161.1
2021-09-20,11,20210920,263,70.2,61.2,54.9,71.2,61,9.4,986.8,1015.6,9.6,204,206,207,0.0,0,38,156.9,3765.5
2021-09-21,11,20210921,264,63.1,59.5,57.1,63.2,82,10.3,980.1,1009.0,9.8,231,233,234,0.59,0,88,63.8,1531.6
2021-09-22,11,20210922,265,53.1,50.9,49.2,49.4,87,7.7,976.6,1005.7,12.2,287,291,291,0.06,0,95,102.2,2453.4
2021-09-23,11,20210923,266,51.3,46.7,41.7,48.3,72,5.8,981.6,1011.0,8.6,260,262,262,0.0,0,68,107.5,2580.5
2021-09-08,12,20210908,251,66.9,62.0,59.1,67.8,79,11.1,981.6,1010.2,8.2,192,195,196,0.14,0,52,234.6,5396.5
2021-09-09,12,20210909,252,63.8,62.0,60.8,63.8,90,11.7,979.6,1008.2,2.5,289,297,297,0.29,0,100,63.2,1516.2
2021-09-10,12,20210910,253,59.3,53.7,49.1,59.1,71,7.7,983.2,1012.1,6.8,306,310,311,0.01,0,26,217.0,5209.0
2021-09-11,12,20210911,254,59.0,52.9,47.4,59.5,69,7.1,991.6,1020.8,5.1,234,236,237,0.0,0,4,253.5,6084.4
2021-09-12,12,20210912,255,66.5,61.3,58.2,67.1,78,10.7,988.0,1016.8,7.2,252,252,252,0.01,0,46,215.8,5179.5
2021-09-13,12,20210913,256,64.5,59.3,55.8,65.0,76,9.7,989.2,1018.1,2.9,282,277,275,0.0,0,57,202.2,4852.2
2021-09-14,12,20210914,257,72.3,66.8,64.1,73.5,79,13.1,983.7,1012.2,6.3,213,216,217,0.25,0,76,216.4,5192.0
2021-09-15,12,20210915,258,62.3,57.2,53.2,62.3,74,9.0,985.4,1014.2,5.3,287,289,289,0.02,0,100,125.3,3007.8
2021-09-16,12,20210916,259,58.1,52.1,46.6,57.8,67,6.9,990.5,1019.7,3.7,360,362,363,0.0,0,75,156.0,3743.9
2021-09-17,12,20210917,260,57.1,50.9,45.0,57.2,68,6.4,997.8,1027.2,2.6,17,363,363,0.0,0,0,242.2,5812.0
2021-09-18,12,20210918,261,60.4,54.1,49.1,61.1,69,7.5,1000.8,1030.2,1.8,227,215,213,0.0,0,0,236.6,5678.0
2021-09-19,12,20210919,262,63.3,57.2,52.9,64.4,72,8.7,997.3,1026.5,1.5,295,191,179,0.0,0,1,233.6,5605.4
2021-09-20,12,20210920,263,64.6,58.8,54.9,65.5,74,9.4,991.8,1020.8,2.2,10,24,27,0.0,0,62,229.5,5507.3
2021-09-21,12,20210921,264,65.5,59.9,56.4,66.2,75,9.9,988.3,1017.1,3.6,184,194,195,0.05,0,63,212.4,5097.1
2021-09-22,12,20210922,265,63.1,61.6,60.9,64.2,93,11.8,978.8,1007.4,4.6,215,214,215,0.31,0,85,107.1,2571.2
2021-09-23,12,20210923,266,56.4,52.4,49.0,55.9,78,7.6,980.3,1009.2,6.6,267,269,269,0.03,0,27,179.8,4315.1
2021-09-08,13,20210908,251,69.9,64.3,61.0,70.9,76,11.7,992.9,1011.6,9.5,195,199,200,0.0,0,12,268.0,6163.3
2021-09-09,13,20210909,252,66.4,65.9,65.7,66.4,98,13.7,989.3,1008.1,5.0,214,222,224,0.71,0,100,44.3,1063.5
2021-09-10,13,20210910,253,62.3,56.4,51.7,62.9,71,8.4,992.9,1011.8,7.9,303,307,308,0.0,0,26,242.0,5808.7
2021-09-11,13,20210911,254,61.2,54.4,48.6,61.7,66,7.4,1002.6,1021.7,6.7,238,245,247,0.0,0,2,257.1,6171.0
2021-09-12,13,20210912,255,71.1,64.7,61.1,72.2,74,11.6,998.8,1017.7,9.3,236,239,240,0.0,0,40,240.9,5781.5
2021-09-13,13,20210913,256,69.0,62.5,58.1,69.6,71,10.5,999.3,1018.1,3.5,289,280,280,0.0,0,69,210.7,5055.7
2021-09-14,13,20210914,257,73.4,67.8,65.0,74.9,78,13.4,994.9,1013.6,8.5,210,214,214,0.0,0,61,229.9,5518.5
2021-09-15,13,20210915,258,65.6,60.6,57.1,66.0,75,10.3,995.3,1014.1,5.3,279,285,286,0.0,0,90,139.5,3348.9
2021-09-16,13,20210916,259,59.0,53.7,49.4,59.0,71,7.6,1000.0,1019.1,3.8,48,48,49,0.0,0,89,99.2,2381.8
2021-09-17,13,20210917,260,57.8,51.4,45.2,57.4,66,6.4,1007.8,1027.1,3.8,26,28,30,0.0,0,0,245.8,5899.5
2021-09-18,13,20210918,261,60.0,54.5,50.1,60.9,73,7.7,1011.0,1030.3,1.9,132,129,128,0.0,0,0,238.7,5729.7
2021-09-19,13,20210919,262,62.1,55.3,49.7,62.9,67,7.6,1007.1,1026.3,3.2,61,70,71,0.0,0,0,237.9,5709.3
2021-09-20,13,20210920,263,62.8,55.8,50.2,63.5,66,7.9,1001.5,1020.6,4.1,33,40,42,0.0,0,49,226.1,5426.6
2021-09-21,13,20210921,264,65.3,59.3,55.3,66.2,73,9.4,998.7,1017.6,3.8,218,220,220,0.04,0,65,199.6,4791.4
2021-09-22,13,20210922,265,68.0,65.1,63.6,69.1,88,12.8,989.2,1007.9,8.0,196,198,198,0.14,0,71,191.2,4587.7
2021-09-23,13,20210923,266,60.1,55.2,51.0,59.9,75,8.2,990.6,1009.5,7.1,267,270,270,0.0,0,20,222.2,5333.3
2021-09-08,14,20210908,251,66.0,61.2,58.4,67.0,79,11.0,959.2,1009.1,7.7,194,196,197,0.61,0,54,258.6,5947.9
2021-09-09,14,20210909,252,60.7,58.5,57.2,60.7,89,10.5,958.5,1008.7,2.8,237,241,243,0.72,0,100,112.3,2694.2
2021-09-10,14,20210910,253,53.6,51.1,49.2,53.1,86,7.8,962.4,1013.2,4.7,293,302,304,0.09,0,45,178.3,4279.8
2021-09-11,14,20210911,254,56.4,51.8,48.0,55.7,75,7.4,969.6,1020.7,6.2,208,215,217,0.0,0,22,245.3,5886.2
2021-09-12,14,20210912,255,62.0,58.9,57.0,62.1,85,10.4,966.4,1016.9,6.7,234,238,239,0.03,0,75,108.0,2591.5
2021-09-13,14,20210913,256,61.2,57.2,54.4,62.1,81,9.4,967.7,1018.3,3.4,205,212,214,0.03,0,67,226.2,5430.0
2021-09-14,14,20210914,257,69.2,66.1,64.6,70.3,87,13.6,962.0,1011.9,6.7,209,216,218,0.54,0,89,218.6,5246.5
2021-09-15,14,20210915,258,59.4,55.1,51.4,59.5,77,8.6,964.3,1014.9,5.1,254,264,265,0.04,0,96,188.8,4531.6
2021-09-16,14,20210916,259,55.0,49.9,45.2,55.1,71,6.6,969.2,1020.3,3.4,5,358,358,0.0,0,71,190.9,4581.0
2021-09-17,14,20210917,260,55.1,49.1,43.4,55.3,67,6.2,976.1,1027.6,2.3,24,330,325,0.0,0,0,241.6,5796.9
2021-09-18,14,20210918,261,61.1,55.7,51.7,62.1,74,8.5,978.8,1030.1,2.2,198,214,220,0.0,0,0,234.7,5631.9
2021-09-19,14,20210919,262,64.3,59.3,56.2,65.4,77,10.0,975.4,1026.3,2.1,143,168,177,0.0,0,3,231.3,5550.6
2021-09-20,14,20210920,263,64.9,59.7,56.5,65.9,77,10.1,970.3,1020.8,2.4,126,176,225,0.0,0,60,223.2,5357.7
2021-09-21,14,20210921,264,65.0,60.3,57.4,66.2,78,10.5,966.5,1016.9,3.5,189,197,198,0.02,0,70,205.2,4926.1
2021-09-22,14,20210922,265,62.5,60.8,59.9,62.8,92,11.6,956.7,1006.7,6.5,190,197,198,0.47,0,90,155.8,3739.7
2021-09-23,14,20210923,266,53.0,50.3,48.0,50.6,83,7.5,958.4,1009.1,8.6,253,257,257,0.05,0,65,106.9,2566.6
2021-09-08,15,20210908,251,67.3,61.5,57.9,68.1,75,10.7,972.6,1010.2,8.4,203,204,205,0.03,0,49,244.3,5620.7
2021-09-09,15,20210909,252,62.7,61.7,61.1,62.7,95,11.9,970.4,1008.1,3.1,279,283,284,0.41,0,100,35.3,846.8
2021-09-10,15,20210910,253,59.3,53.6,49.0,58.7,70,7.7,973.2,1011.3,8.0,306,309,310,0.01,0,34,231.7,5560.8
2021-09-11,15,20210911,254,59.5,52.2,45.7,59.7,63,6.8,981.7,1020.1,7.0,249,252,253,0.0,0,8,252.2,6051.0
2021-09-12,15,20210912,255,66.1,60.4,56.9,66.7,74,10.3,978.1,1016.0,9.8,256,258,258,0.0,0,41,219.2,5261.3
2021-09-13,15,20210913,256,62.5,55.7,50.2,63.3,68,8.0,980.0,1018.1,3.6,284,286,286,0.0,0,39,234.3,5622.7
2021-09-14,15,20210914,257,73.1,66.0,62.4,74.5,72,12.6,974.2,1011.7,8.6,233,231,231,0.15,0,82,222.2,5332.2
2021-09-15,15,20210915,258,63.8,57.0,51.3,63.9,65,8.6,975.5,1013.4,7.8,281,284,285,0.0,0,100,149.3,3583.3
2021-09-16,15,20210916,259,56.8,50.4,44.4,56.5,65,6.4,981.2,1019.7,3.5,340,350,352,0.0,0,76,135.9,3261.2
2021-09-17,15,20210917,260,56.0,49.3,42.2,55.8,63,5.8,988.3,1027.1,3.5,314,322,324,0.0,0,0,242.4,5817.6
2021-09-18,15,20210918,261,61.4,54.1,48.1,61.9,64,7.4,991.4,1030.0,2.3,222,223,223,0.0,0,0,235.8,5658.7
2021-09-19,15,20210919,262,63.6,56.9,52.1,64.6,68,8.5,988.1,1026.5,2.2,150,147,146,0.0,0,1,233.0,5591.7
2021-09-20,15,20210920,263,64.2,57.9,53.6,65.4,71,9.0,982.7,1020.8,2.5,30,50,53,0.0,0,51,228.3,5477.3
2021-09-21,15,20210921,264,67.0,59.9,55.2,67.6,68,9.6,979.0,1016.9,4.3,231,226,226,0.02,0,57,211.8,5081.5
2021-09-22,15,20210922,265,61.8,61.1,60.7,61.8,96,11.8,970.0,1007.7,5.4,221,220,219,0.26,0,91,61.5,1475.9
2021-09-23,15,20210923,266,56.4,52.0,48.0,55.4,75,7.5,970.2,1008.2,9.1,263,266,266,0.0,0,14,221.8,5323.7
2021-09-08,16,20210908,251,63.2,59.1,56.6,63.1,82,10.2,970.0,1007.1,7.5,176,184,185,0.95,0,76,209.8,4826.1
2021-09-09,16,20210909,252,60.7,58.0,56.3,60.7,86,10.0,970.6,1007.7,3.4,198,206,208,0.02,0,100,136.1,3266.0
2021-09-10,16,20210910,253,52.7,51.7,51.0,51.8,94,8.2,974.7,1012.3,4.8,270,285,287,0.09,0,81,117.2,2812.5
2021-09-11,16,20210911,254,59.9,53.3,47.9,60.0,66,7.3,979.9,1017.5,7.3,213,216,217,0.0,0,69,222.5,5339.6
2021-09-12,16,20210912,255,57.8,54.1,51.1,57.8,80,8.3,977.2,1014.6,6.5,241,246,248,0.06,0,53,111.8,2683.1
2021-09-14,16,20210914,257,60.7,60.2,59.9,60.4,97,11.5,972.7,1009.8,3.8,211,213,214,0.98,0,100,29.6,711.4
2021-09-15,16,20210915,258,55.4,51.9,48.5,54.6,79,7.7,976.5,1014.1,7.0,268,271,271,0.37,0,72,191.4,4593.3
2021-09-16,16,20210916,259,52.2,47.4,42.5,52.5,70,5.9,982.8,1020.9,2.5,296,309,309,0.0,0,78,157.3,3775.0
2021-09-17,16,20210917,260,53.6,47.9,42.1,53.3,66,5.8,989.1,1027.3,3.0,205,221,225,0.0,0,0,231.5,5557.4
2021-09-18,16,20210918,261,62.6,55.8,50.6,63.2,66,8.1,991.3,1029.1,3.5,201,212,215,0.0,0,1,224.3,5384.0
2021-09-19,16,20210919,262,66.1,59.9,55.9,67.0,71,9.8,988.1,1025.7,2.5,176,189,193,0.0,0,2,222.2,5332.4
2021-09-20,16,20210920,263,66.0,61.0,58.0,67.2,77,10.6,983.1,1020.5,2.3,170,187,194,0.0,0,84,198.4,4761.2
2021-09-21,16,20210921,264,68.1,61.7,57.9,68.9,71,10.6,978.3,1015.4,3.4,185,192,194,0.0,0,90,204.8,4915.3
2021-09-22,16,20210922,265,63.3,60.3,58.5,64.3,85,10.9,967.9,1004.9,7.3,166,174,175,0.23,0,86,158.5,3803.5
2021-09-23,16,20210923,266,51.3,50.2,49.4,48.9,93,7.8,968.9,1006.4,6.8,252,253,254,0.31,0,81,40.0,960.2
2021-09-08,17,20210908,251,63.0,58.5,55.7,63.1,81,10.1,957.5,1008.5,7.6,189,193,194,0.37,0,72,221.3,5089.1
2021-09-09,17,20210909,252,60.4,57.5,55.6,60.4,86,9.9,957.1,1008.2,2.9,219,228,229,0.13,0,100,101.1,2424.5
2021-09-10,17,20210910,253,53.5,50.3,47.4,52.7,81,7.4,960.6,1012.4,5.8,302,308,309,0.02,0,44,142.9,3429.5
2021-09-11,17,20210911,254,58.1,51.2,45.1,57.6,64,6.7,967.1,1019.0,7.3,222,228,229,0.0,0,36,230.7,5536.3
2021-09-12,17,20210912,255,61.5,56.4,52.9,62.0,74,9.0,963.9,1015.3,7.1,243,250,251,0.0,0,55,141.1,3386.1
2021-09-13,17,20210913,256,57.2,51.9,47.3,58.1,73,7.3,966.6,1018.4,2.1,291,283,281,0.01,0,49,232.6,5582.8
2021-09-14,17,20210914,257,67.9,63.2,60.8,69.4,79,12.0,959.6,1010.5,9.1,225,229,229,0.54,0,97,175.7,4216.6
2021-09-15,17,20210915,258,59.4,54.1,49.5,59.5,71,8.1,962.4,1013.9,5.2,285,285,285,0.05,0,98,200.8,4820.1
2021-09-16,17,20210916,259,53.3,47.9,42.6,53.7,69,6.0,968.3,1020.5,3.4,321,327,328,0.0,0,64,179.9,4317.9
2021-09-17,17,20210917,260,53.8,47.5,40.9,54.1,65,5.6,974.8,1027.4,2.5,295,299,300,0.0,0,0,237.6,5701.8
2021-09-18,17,20210918,261,61.9,55.1,49.8,62.9,67,8.0,977.5,1029.7,2.2,195,207,208,0.0,0,0,229.6,5509.8
2021-09-19,17,20210919,262,64.3,57.4,52.6,65.2,68,8.8,974.4,1026.2,2.8,174,169,169,0.0,0,4,228.4,5480.0
2021-09-20,17,20210920,263,65.0,59.1,55.4,65.7,74,9.7,969.3,1020.7,1.9,165,136,133,0.0,0,63,214.7,5152.8
2021-09-21,17,20210921,264,66.3,60.1,56.1,67.0,73,10.1,965.0,1016.2,3.5,187,192,193,0.01,0,75,203.6,4886.6
2021-09-22,17,20210922,265,59.5,58.6,58.1,59.2,95,10.9,955.4,1006.4,5.8,174,179,180,0.32,0,95,48.5,1163.3
2021-09-23,17,20210923,266,52.2,49.2,46.5,49.8,82,7.1,955.6,1007.2,7.7,243,251,252,0.04,0,41,171.3,4111.0
2021-09-08,18,20210908,251,70.7,65.3,62.3,72.0,77,12.1,998.3,1011.7,9.6,195,198,199,0.01,0,7,268.4,6173.7
2021-09-09,18,20210909,252,67.4,66.8,66.5,67.8,97,14.0,994.7,1008.1,5.2,217,226,228,0.63,0,100,75.5,1812.6
2021-09-10,18,20210910,253,62.8,56.8,52.0,63.7,71,8.4,998.7,1012.1,8.0,305,311,312,0.0,0,14,256.8,6163.4
2021-09-11,18,20210911,254,62.1,55.4,49.8,62.5,67,7.7,1008.4,1022.0,6.9,231,240,243,0.0,0,4,257.1,6169.8
2021-09-12,18,20210912,255,71.4,65.3,61.8,72.6,74,11.8,1004.6,1018.1,9.2,233,239,239,0.0,0,39,240.3,5766.7
2021-09-13,18,20210913,256,70.2,64.8,61.6,71.0,77,11.8,1004.7,1018.1,3.4,288,272,272,0.0,0,76,207.8,4988.9
2021-09-14,18,20210914,257,73.7,68.4,65.9,76.0,79,13.7,1000.5,1013.9,8.7,210,214,215,0.0,0,49,228.7,5489.2
2021-09-15,18,20210915,258,67.5,62.1,58.5,68.0,74,10.8,1000.8,1014.2,5.6,287,287,289,0.0,0,82,134.3,3222.7
2021-09-16,18,20210916,259,59.0,54.4,50.8,59.0,75,7.9,1005.5,1019.1,3.2,44,43,44,0.04,0,90,104.2,2501.6
2021-09-17,18,20210917,260,58.4,52.0,45.9,58.9,67,6.6,1013.3,1027.1,3.3,21,27,30,0.0,0,0,246.2,5909.6
2021-09-18,18,20210918,261,59.9,54.3,49.9,60.8,73,7.6,1016.5,1030.3,2.0,101,111,111,0.0,0,0,239.2,5741.9
2021-09-19,18,20210919,262,61.9,55.5,50.3,62.9,69,7.8,1012.6,1026.2,3.1,64,69,70,0.0,0,0,238.2,5716.5
2021-09-20,18,20210920,263,63.3,56.2,50.5,63.9,65,7.9,1006.9,1020.4,3.9,31,38,40,0.0,0,48,229.5,5506.7
2021-09-21,18,20210921,264,65.7,59.7,55.6,66.7,72,9.5,1004.2,1017.7,3.9,211,212,213,0.1,0,67,201.4,4833.6
2021-09-22,18,20210922,265,68.8,66.0,64.6,70.0,87,13.2,994.7,1008.0,7.9,197,200,201,0.14,0,68,205.5,4930.8
2021-09-23,18,20210923,266,60.9,55.7,51.2,60.8,74,8.3,996.3,1009.8,7.3,270,272,272,0.0,0,14,227.0,5448.5
2021-09-08,19,20210908,251,58.7,55.4,53.0,57.1,82,8.8,973.5,1003.2,16.4,299,300,300,0.23,0,79,129.0,2967.1
2021-09-09,19,20210909,252,57.9,53.5,49.9,56.6,76,7.8,982.3,1012.4,9.9,333,334,335,0.08,0,44,218.2,5236.1
2021-09-10,19,20210910,253,59.3,54.4,50.5,59.1,74,8.0,986.4,1016.5,6.0,249,250,250,0.0,0,68,214.6,5150.1
2021-09-11,19,20210911,254,62.5,58.6,55.8,62.3,79,9.9,981.5,1011.3,13.8,246,246,247,0.04,0,59,96.5,2315.9
2021-09-12,19,20210912,255,56.7,51.1,46.0,56.5,69,6.7,987.7,1017.9,4.9,311,314,314,0.0,0,43,225.1,5402.8
2021-09-14,19,20210914,257,60.2,55.3,51.0,59.4,73,8.4,980.8,1010.7,11.6,305,305,305,0.03,0,54,193.3,4639.5
2021-09-15,19,20210915,258,58.9,53.3,48.7,58.2,70,7.5,986.7,1016.8,8.2,262,263,264,0.03,0,61,194.9,4677.4
2021-09-16,19,20210916,259,61.8,57.2,54.0,61.6,76,9.0,990.1,1020.2,9.1,240,241,242,0.0,0,11,220.6,5293.4
2021-09-17,19,20210917,260,64.7,57.8,52.9,65.8,66,8.7,993.0,1023.1,12.1,227,227,227,0.0,0,0,219.1,5258.6
2021-09-18,19,20210918,261,64.4,57.5,52.2,65.3,67,8.5,994.0,1024.2,7.9,211,212,213,0.0,0,0,218.9,5252.9
2021-09-19,19,20210919,262,70.0,61.0,55.2,71.9,60,9.6,988.0,1017.8,11.2,200,202,203,0.0,0,18,209.6,5029.5
2021-09-20,19,20210920,263,71.6,62.0,55.6,73.9,58,9.8,983.2,1012.8,12.2,201,204,204,0.0,0,74,147.1,3530.0
2021-09-21,19,20210921,264,60.0,57.0,54.9,59.6,85,9.5,977.9,1007.8,8.4,279,274,273,0.75,0,97,15.0,361.0
2021-09-22,19,20210922,265,50.8,49.2,47.8,47.6,90,7.3,974.9,1005.1,9.0,355,354,354,0.23,0,95,24.1,577.5
2021-09-23,19,20210923,266,50.3,46.2,42.0,46.0,74,5.8,978.4,1008.8,11.2,271,270,270,0.03,0,86,90.2,2164.3
2021-09-08,20,20210908,251,69.3,66.2,64.6,70.8,86,13.3,988.8,1009.5,7.8,199,201,202,0.43,0,29,240.4,5528.1
2021-09-09,20,20210909,252,65.3,62.1,60.2,65.8,85,11.4,988.4,1009.2,4.1,302,311,313,0.12,0,88,112.7,2706.1
2021-09-10,20,20210910,253,60.8,55.7,51.8,61.1,74,8.3,994.6,1015.7,6.4,319,323,325,0.0,0,15,228.0,5471.4
2021-09-11,20,20210911,254,62.2,57.5,54.3,63.4,76,9.1,1001.3,1022.6,4.8,217,219,219,0.0,0,9,246.8,5923.7
2021-09-12,20,20210912,255,68.3,64.1,61.8,69.4,81,12.0,998.5,1019.5,6.8,237,240,241,0.0,0,43,218.8,5250.1
2021-09-13,20,20210913,256,72.4,67.9,65.7,74.7,80,13.8,997.3,1018.2,5.0,240,243,244,0.0,0,28,231.8,5562.9
2021-09-14,20,20210914,257,73.3,68.9,66.9,75.3,81,14.3,993.2,1014.0,5.4,218,224,226,0.03,0,67,201.8,4843.7
2021-09-15,20,20210915,258,64.3,61.0,58.9,64.3,83,10.8,994.2,1015.2,3.9,349,354,355,0.01,0,100,62.5,1500.5
2021-09-16,20,20210916,259,61.7,55.2,50.1,61.6,67,7.8,998.7,1019.9,6.1,5,11,13,0.0,0,59,179.1,4298.4
2021-09-17,20,20210917,260,61.3,55.2,50.6,62.0,69,7.9,1005.9,1027.3,3.1,14,18,20,0.0,0,0,238.2,5716.5
2021-09-18,20,20210918,261,61.7,56.4,52.7,62.8,74,8.5,1008.5,1029.9,2.7,89,92,93,0.0,0,0,234.5,5626.8
2021-09-19,20,20210919,262,62.0,56.3,52.1,62.8,71,8.4,1004.7,1026.0,3.4,77,80,81,0.0,0,27,232.3,5575.6
2021-09-20,20,20210920,263,64.4,58.4,54.4,65.0,71,9.1,999.7,1020.9,2.3,33,51,57,0.0,0,68,224.1,5378.1
2021-09-21,20,20210921,264,65.8,61.9,59.4,67.0,81,11.1,995.7,1016.7,3.4,131,132,133,0.19,0,96,132.2,3173.1
2021-09-22,20,20210922,265,66.5,63.9,62.6,67.3,88,12.4,987.0,1007.8,8.0,236,238,239,0.2,0,76,161.9,3886.6
2021-09-23,20,20210923,266,57.5,52.8,48.8,56.7,74,7.5,991.5,1012.6,7.6,270,272,272,0.0,0,33,172.3,4134.8
